feedback_id,customer_id,order_id,feedback_date,rating,feedback_text,channel,_rescued_data
1,2107,14289,2025-10-29,3,Fair quality for the price point. The OceanCatch Organic Cereal is functional.,survey,
2,2444,14967,2026-01-27,4,Outstanding BrightPage Illustrated Tech. BrightPage has a customer for life.,social_media,
3,1414,13777,2025-08-31,4,Great value for the price. The StyleCraft Cozy Sweater exceeded my expectations.,email,
4,916,10052,2026-02-18,3,"Mixed feelings about this OpenChapter Classic Tech. Some features are good, others not so much.",email,
5,1900,9325,2025-06-20,5,Really impressed with the FreshFace quality. Highly recommend!,social_media,
6,1613,9153,2025-09-19,4,Absolutely love this FlexFit Grip Soccer! Quality is outstanding.,survey,
7,897,7923,2026-01-16,2,Extremely disappointed. The VelocityX Flex Running Gear fell apart quickly.,survey,
8,1233,6994,2025-10-19,4,The RadiantRose Radiant Tool arrived quickly and works great. Very satisfied.,social_media,
9,1454,1697,2025-08-19,4,Amazing RapidStride Flex Hiking from RapidStride. My whole family loves it.,survey,
10,2233,10243,2026-02-19,5,Impressive HarborHouse Artisan Storage. Shipping was fast and packaging was great.,chat,
11,976,14779,2025-07-27,5,Solid build quality on this FitForm Casual Hat. Very durable.,email,
12,1639,356,2025-11-12,5,Amazing HarborHouse Modern Storage from HarborHouse. My whole family loves it.,survey,
13,620,6023,2025-06-18,5,Really impressed with the NovaByte quality. Highly recommend!,social_media,
14,1123,6804,2026-02-23,2,The GoldenGrain Fresh Spice broke after two weeks. Not buying from GoldenGrain again.,survey,
15,1488,10788,2026-01-02,4,Amazing CoreMotion Peak Camping from CoreMotion. My whole family loves it.,social_media,
16,1455,5754,2025-08-25,5,Great value for the price. The PureAura Crystal Haircare exceeded my expectations.,social_media,
17,781,2037,2026-01-15,3,"The ApexDigital Mini Speaker is fine. Not great, not terrible.",social_media,
18,29,3848,2025-11-25,4,Very pleased with my purchase. The VelocityX Flex Running Gear is top notch.,chat,
19,88,13559,2025-06-06,4,Ive tried many similar products but this AquaPro Power Soccer from AquaPro is the best.,chat,
20,341,5049,2025-08-07,5,Very pleased with my purchase. The ClearView Ultra Cable is top notch.,social_media,
21,2018,12255,2025-12-11,4,Very pleased with my purchase. The GreenLeaf Athletic Dresse is top notch.,social_media,
22,1561,4842,2025-10-23,4,Very pleased with my purchase. The SilkEssence Revive Skincare is top notch.,email,
23,1379,8946,2025-12-29,5,Perfect ClearInk Modern Tech! Exactly as described and then some.,email,
24,2318,12849,2025-11-15,4,The ClearInk Pocket Tech has made such a difference. Highly recommend ClearInk.,email,
25,1695,11627,2025-12-11,2,Do not buy this PageTurn Classic Fiction. Horrible quality from PageTurn.,survey,
26,1702,999,2026-02-03,5,Bought this as a gift and they absolutely loved the EarthBite Artisan Spice.,chat,
27,309,820,2026-02-16,4,Best purchase Ive made this year. The CoreMotion Endurance Running Gear is fantastic.,survey,
28,1853,12871,2025-09-06,5,Amazing TrailBlaze Performance Dumbbell from TrailBlaze. My whole family loves it.,social_media,
29,117,1310,2026-01-12,4,Solid build quality on this StyleCraft Cozy Sweater. Very durable.,social_media,
30,889,10096,2026-03-16,2,Do not buy this CoreMotion Peak Camping. Horrible quality from CoreMotion.,social_media,
31,1448,7752,2025-06-13,5,Really impressed with the LuxeGlow quality. Highly recommend!,survey,
32,347,4435,2025-09-16,4,The AquaPro Flex Camping arrived quickly and works great. Very satisfied.,survey,
33,154,11292,2025-07-25,2,Save your money. This AquaBliss Hydra Sun Care from AquaBliss is not worth it.,chat,
34,139,895,2025-10-11,4,Love the design and functionality of this ApexDigital Premium Smartphone.,social_media,
35,1,4895,2025-12-04,3,The StoneBridge Deluxe Cookware is satisfactory. StoneBridge could do better.,survey,
36,1899,7505,2025-11-27,5,Great value for the price. The VelvetSkin Revive Fragrance exceeded my expectations.,survey,
37,2371,1288,2025-07-23,5,Solid build quality on this ElmHouse Compact Cleaning. Very durable.,survey,
38,1875,10173,2025-07-07,4,Very pleased with my purchase. The ClearInk Illustrated Children is top notch.,social_media,
39,145,1868,2025-10-14,5,Best purchase Ive made this year. The FlexFit Grip Basketball is fantastic.,chat,
40,1771,14120,2025-08-12,4,Outstanding StyleCraft Athletic Shoe. StyleCraft has a customer for life.,chat,
41,1410,1656,2025-12-14,5,Excellent craftsmanship on this SunRipe Artisan Baking. Worth every penny.,social_media,
42,2440,1807,2026-03-28,5,Amazing NorthTrail Slim Fit Jean from NorthTrail. My whole family loves it.,survey,
43,175,7525,2025-09-24,5,Ive tried many similar products but this FreshField Gourmet Baking from FreshField is the best.,social_media,
44,1916,543,2025-09-20,4,Really impressed with the MindPress quality. Highly recommend!,social_media,
45,1688,6108,2025-07-04,5,Bought this as a gift and they absolutely loved the CraftHaven Artisan Towel.,email,
46,1077,11794,2025-10-27,4,The MapleCrest Heritage Snack has made such a difference. Highly recommend MapleCrest.,social_media,
47,260,10050,2025-07-19,4,Bought this as a gift and they absolutely loved the AquaBliss Hydra Skincare.,social_media,
48,1702,3548,2026-01-10,3,Not bad but not amazing either. The FreshField Wild Supplement is middle of the road.,email,
49,769,3037,2025-06-12,5,Love the design and functionality of this BrightPage Advanced Fiction.,survey,
50,260,13189,2025-09-15,5,Absolutely love this MindPress Classic Tech! Quality is outstanding.,social_media,
51,1596,11083,2025-09-19,3,The AlpineEdge Flex Yoga Mat arrived on time. Quality is about what I expected.,survey,
52,315,14711,2025-06-21,5,Love the design and functionality of this MindPress Definitive Biography.,social_media,
53,1404,9640,2025-07-05,5,The AquaPro Power Soccer arrived quickly and works great. Very satisfied.,survey,
54,305,8791,2026-03-26,4,Wonderful quality. Will definitely order more from SignalMax.,survey,
55,363,14703,2026-02-08,3,The VoltStream Ultra Charger is satisfactory. VoltStream could do better.,chat,
56,1320,2522,2025-06-05,5,The TechVault Premium Cable has made such a difference. Highly recommend TechVault.,social_media,
57,786,10947,2025-06-13,5,Solid build quality on this VelvetSkin Hydra Sun Care. Very durable.,social_media,
58,7,5835,2025-09-04,3,Average quality BrightPage Beginner Fiction. Expected a bit more from BrightPage.,social_media,
59,246,11279,2025-12-10,5,Solid build quality on this CoreMotion Speed Bike. Very durable.,survey,
60,1946,973,2026-02-12,4,Excellent craftsmanship on this LuxeGlow Crystal Haircare. Worth every penny.,social_media,
61,1652,621,2025-10-12,4,Excellent craftsmanship on this TechVault Slim Smartphone. Worth every penny.,email,
62,1818,12911,2026-01-21,4,Fast shipping and the TechVault Slim Smartphone works perfectly. Would buy again.,social_media,
63,1785,7430,2026-01-10,4,Bought this as a gift and they absolutely loved the SignalMax Ultra Speaker.,email,
64,1142,2595,2025-07-04,2,The MindPress Definitive History arrived damaged. Customer service was unhelpful.,chat,
65,2479,12280,2026-03-21,5,Great value for the price. The IronPeak Impact Basketball exceeded my expectations.,email,
66,358,6463,2025-10-28,5,Outstanding DeepRead Pocket Fiction. DeepRead has a customer for life.,chat,
67,1975,158,2025-10-28,4,The StoneBridge Deluxe Cookware arrived quickly and works great. Very satisfied.,email,
68,459,10437,2025-11-09,4,Very pleased with my purchase. The CoreMotion Speed Bike is top notch.,email,
69,982,10492,2025-11-11,5,Best purchase Ive made this year. The EarthBite Artisan Spice is fantastic.,chat,
70,2462,13588,2025-08-26,5,Impressive CraftHaven Natural Storage. Shipping was fast and packaging was great.,social_media,
71,243,11475,2025-12-08,5,Impressive PureStitch Classic Jean. Shipping was fast and packaging was great.,chat,
72,310,14142,2025-10-11,4,Very pleased with my purchase. The VelvetSkin Hydra Sun Care is top notch.,chat,
73,109,2723,2026-03-01,5,Fast shipping and the PureComfort Smart Decor works perfectly. Would buy again.,email,
74,1390,10888,2025-09-13,3,Decent SunRipe Artisan Dairy from SunRipe. Would consider alternatives next time.,survey,
75,2414,1325,2025-06-26,4,Excellent craftsmanship on this SilkEssence Revive Skincare. Worth every penny.,social_media,
76,2400,3203,2025-08-26,5,Solid build quality on this GreenHarvest Farm Fresh Beverage. Very durable.,chat,
77,1841,11959,2026-02-19,4,Impressive EarthBite Farm Fresh Canned. Shipping was fast and packaging was great.,social_media,
78,641,5095,2026-03-25,4,Impressive ApexDigital Mini Speaker. Shipping was fast and packaging was great.,email,
79,814,9825,2025-12-04,3,Okay purchase. The TrailBlaze Performance Dumbbell could use some improvements.,email,
80,1176,7982,2025-06-01,4,Fast shipping and the PureComfort Heritage Rug works perfectly. Would buy again.,chat,
81,673,14790,2025-07-05,3,Fair quality for the price point. The FlexFit Grip Soccer is functional.,survey,
82,2165,12284,2025-07-26,5,Impressive PageTurn Comprehensive Children. Shipping was fast and packaging was great.,survey,
83,1967,5993,2026-03-18,5,Wonderful quality. Will definitely order more from OpenChapter.,email,
84,400,7308,2025-06-07,5,Very pleased with my purchase. The LuxeGlow Bloom Set is top notch.,social_media,
85,2264,3867,2025-07-03,2,Returned this NorthTrail Slim Fit Jean immediately. Complete waste of money.,social_media,
86,1564,13281,2025-10-24,4,Ive tried many similar products but this HarborHouse Heritage Towel from HarborHouse is the best.,email,
87,984,58,2025-11-27,4,Super happy with this MindPress Pocket Science. MindPress never disappoints.,email,
88,1480,11365,2026-02-16,4,Bought this as a gift and they absolutely loved the StoneBridge Heritage Storage.,social_media,
89,14,10143,2026-02-07,5,Super happy with this ClearInk Pocket Tech. ClearInk never disappoints.,email,
90,237,10247,2025-12-20,4,Ive tried many similar products but this FreshField Artisan Dairy from FreshField is the best.,email,
91,1608,13127,2025-10-12,5,Perfect DeepRead Pocket Fiction! Exactly as described and then some.,social_media,
92,874,2468,2026-03-22,4,Solid build quality on this GreenHarvest Fresh Snack. Very durable.,social_media,
93,1984,13085,2026-01-24,4,Super happy with this HarborHouse Premium Storage. HarborHouse never disappoints.,email,
94,2160,8178,2026-02-26,4,Bought this as a gift and they absolutely loved the GreenLeaf Cozy Activewear.,email,
95,572,7018,2026-02-08,4,The ClearInk Modern Tech is exactly what I needed. Five stars!,email,
96,2073,12800,2026-03-02,5,Fast shipping and the SilkEssence Velvet Men Grooming works perfectly. Would buy again.,social_media,
97,954,5664,2026-02-15,4,Bought this as a gift and they absolutely loved the WillowHome Deluxe Decor.,social_media,
98,2195,7018,2025-06-17,5,Bought this as a gift and they absolutely loved the GoldenGrain Farm Fresh Frozen.,social_media,
99,417,5133,2025-09-03,5,Ive tried many similar products but this FreshFace Revive Body Care from FreshFace is the best.,chat,
100,2377,670,2025-09-27,2,The ClearView Ultra Cable looks nothing like the pictures. Very misleading.,survey,
101,2372,2197,2026-01-16,3,Average quality ClearInk Pocket Tech. Expected a bit more from ClearInk.,chat,
102,854,9747,2025-12-06,5,Outstanding LuxeGlow Radiant Makeup. LuxeGlow has a customer for life.,survey,
103,722,14224,2025-11-21,3,Average quality AquaPro Flex Dumbbell. Expected a bit more from AquaPro.,chat,
104,352,1975,2025-08-01,1,The ElmHouse Compact Cleaning broke after two weeks. Not buying from ElmHouse again.,social_media,
105,1731,9030,2026-01-23,5,The VelvetSkin Revive Fragrance has made such a difference. Highly recommend VelvetSkin.,social_media,
106,2079,3086,2025-10-05,3,The GreenLeaf Modern Sweater arrived on time. Quality is about what I expected.,survey,
107,2325,7752,2025-12-04,3,Average quality TrailBlaze Endurance Basketball. Expected a bit more from TrailBlaze.,email,
108,2246,10479,2025-12-01,5,Best purchase Ive made this year. The FreshField Premium Spice is fantastic.,survey,
109,271,970,2026-01-11,4,Impressive SignalMax Advanced Charger. Shipping was fast and packaging was great.,email,
110,978,12054,2026-03-11,5,Super happy with this CedarGrove Essential Storage. CedarGrove never disappoints.,social_media,
111,1061,10625,2025-11-07,3,Fair quality for the price point. The ReadMore Classic History is functional.,survey,
112,2090,12044,2025-12-28,3,The BrightPage Beginner Fiction met my basic needs. Nothing more.,social_media,
113,1505,8064,2025-09-15,4,Very pleased with my purchase. The BrightPage Advanced Biography is top notch.,email,
114,1628,1939,2026-03-09,4,Excellent craftsmanship on this BrightPage Advanced Biography. Worth every penny.,social_media,
115,1761,12320,2025-07-09,2,Very poor quality FreshFace Velvet Makeup. Expected much better from FreshFace.,email,
116,1096,5322,2026-03-08,5,Really impressed with the SunRipe quality. Highly recommend!,social_media,
117,1944,10797,2026-03-08,5,Love the design and functionality of this GoldenGrain Gourmet Snack.,chat,
118,1794,5362,2025-12-29,3,"The SunRipe Artisan Dairy is fine. Not great, not terrible.",email,
119,1771,7043,2026-02-27,3,The BookBound Modern Science met my basic needs. Nothing more.,chat,
120,855,7830,2025-10-04,2,Disappointed with this ElmHouse Premium Bedding. Quality is poor for the price.,chat,
121,2172,2020,2025-07-29,3,Okay purchase. The AquaBliss Hydra Sun Care could use some improvements.,social_media,
122,1656,13798,2025-09-18,4,Solid build quality on this SilkEssence Revive Skincare. Very durable.,chat,
123,67,8843,2025-10-24,5,Best purchase Ive made this year. The TrailBlaze Speed Soccer is fantastic.,survey,
124,2290,6151,2025-08-11,4,Great value for the price. The GlowLab Velvet Sun Care exceeded my expectations.,survey,
125,572,13547,2025-08-23,3,The CanvasWear Modern Shoe met my basic needs. Nothing more.,chat,
126,694,11998,2026-03-15,2,Not happy with this purchase at all. The HarborHouse Artisan Lighting is junk.,social_media,
127,256,5938,2025-11-02,4,Outstanding SignalMax Ultra Speaker. SignalMax has a customer for life.,survey,
128,520,2842,2025-08-31,5,The ClearInk Illustrated Children has made such a difference. Highly recommend ClearInk.,email,
129,1797,10268,2025-10-22,4,Ive tried many similar products but this AquaPro Flex Dumbbell from AquaPro is the best.,chat,
130,1231,29,2025-10-18,3,The NovaByte Lite Camera is satisfactory. NovaByte could do better.,email,
131,175,2309,2025-08-14,5,Best purchase Ive made this year. The OpenChapter Classic Tech is fantastic.,email,
132,428,9092,2025-08-02,4,Very pleased with my purchase. The RapidStride Impact Dumbbell is top notch.,email,
133,1607,5299,2025-11-01,2,The FreshField Premium Frozen arrived damaged. Customer service was unhelpful.,survey,
134,916,1040,2026-01-06,5,Super happy with this FlexFit Grip Soccer. FlexFit never disappoints.,survey,
135,2017,5846,2025-06-24,3,"The FreshField Premium Spice is fine. Not great, not terrible.",survey,
136,105,2862,2025-09-12,4,Best purchase Ive made this year. The OpenChapter Classic Tech is fantastic.,social_media,
137,1569,4419,2026-03-26,3,Decent OceanCatch Farm Fresh Beverage from OceanCatch. Would consider alternatives next time.,social_media,
138,1593,7573,2026-02-14,5,Fast shipping and the EarthBite Artisan Spice works perfectly. Would buy again.,social_media,
139,2349,1543,2025-11-01,5,Absolutely love this InkWell Essential Cooking! Quality is outstanding.,email,
140,1174,5172,2025-06-17,5,Fast shipping and the SignalMax Ultra Speaker works perfectly. Would buy again.,survey,
141,208,1555,2025-11-06,2,The HarborHouse Artisan Lighting looks nothing like the pictures. Very misleading.,chat,
142,457,57,2025-06-08,5,Ive tried many similar products but this IronPeak Impact Basketball from IronPeak is the best.,chat,
143,1127,4766,2026-02-07,4,Absolutely love this FitForm Athletic Jacket! Quality is outstanding.,survey,
144,1324,1763,2026-02-22,4,Absolutely love this CanvasWear Modern Shoe! Quality is outstanding.,chat,
145,2236,8583,2025-12-16,4,Love the design and functionality of this SummitGear Performance Yoga Mat.,chat,
146,345,14800,2025-11-18,5,Impressive GreenHarvest Wholesome Snack. Shipping was fast and packaging was great.,social_media,
147,732,3678,2025-09-21,2,The PureComfort Heritage Rug looks nothing like the pictures. Very misleading.,chat,
148,561,2565,2026-02-06,4,Great value for the price. The CanvasWear Cozy T-Shirt exceeded my expectations.,email,
149,2048,1554,2026-03-10,4,The TrailBlaze Flex Soccer is exactly what I needed. Five stars!,social_media,
150,659,8461,2026-03-19,4,The EarthBite Farm Fresh Snack has made such a difference. Highly recommend EarthBite.,chat,
151,989,1758,2026-02-28,4,Super happy with this StyleCraft Athletic Shoe. StyleCraft never disappoints.,survey,
152,1629,5792,2025-12-29,4,Fast shipping and the GoldenGrain Fresh Snack works perfectly. Would buy again.,email,
153,2214,2006,2026-02-18,3,"Mixed feelings about this LuxeGlow Bloom Set. Some features are good, others not so much.",chat,
154,171,11864,2026-01-03,2,Save your money. This AlpineEdge Flex Yoga Mat from AlpineEdge is not worth it.,chat,
155,1355,1156,2025-07-18,2,Do not buy this FreshFace Pure Tool. Horrible quality from FreshFace.,survey,
156,1092,6497,2025-12-23,5,Super happy with this InkWell Essential Cooking. InkWell never disappoints.,social_media,
157,320,14365,2025-12-10,5,Ive tried many similar products but this HarborHouse Premium Storage from HarborHouse is the best.,email,
158,559,9397,2025-10-22,5,Amazing EarthBite Farm Fresh Snack from EarthBite. My whole family loves it.,social_media,
159,910,10068,2025-11-09,1,The NovaByte Lite Camera is overpriced for what you get. Total letdown.,chat,
160,1715,625,2025-09-14,4,The CanvasWear Modern Shoe arrived quickly and works great. Very satisfied.,chat,
161,2274,9273,2025-10-25,1,Terrible experience. The AquaPro Power Soccer doesnt work as advertised.,email,
162,444,2864,2025-06-29,2,The AquaPro Power Soccer broke after two weeks. Not buying from AquaPro again.,chat,
163,744,10665,2025-12-16,2,The FitForm Athletic Jacket looks nothing like the pictures. Very misleading.,email,
164,2019,9091,2025-11-02,2,The CedarGrove Smart Appliance broke after two weeks. Not buying from CedarGrove again.,survey,
165,203,970,2025-08-10,1,Very poor quality CedarGrove Essential Storage. Expected much better from CedarGrove.,survey,
166,766,13423,2025-10-11,2,The MindPress Classic Tech is overpriced for what you get. Total letdown.,chat,
167,1844,1027,2025-11-25,5,Wonderful quality. Will definitely order more from PageTurn.,social_media,
168,1267,9986,2025-10-15,4,Best purchase Ive made this year. The BookBound Modern Science is fantastic.,social_media,
169,2400,4677,2025-12-26,5,Ive tried many similar products but this MindPress Definitive History from MindPress is the best.,survey,
170,1283,6209,2025-10-24,4,Best purchase Ive made this year. The SummitGear Performance Yoga Mat is fantastic.,social_media,
171,306,4158,2025-12-11,5,Outstanding StoneBridge Heritage Storage. StoneBridge has a customer for life.,chat,
172,2287,10104,2025-09-23,4,Outstanding BookBound Classic Cooking. BookBound has a customer for life.,chat,
173,1206,11757,2025-12-04,4,The MapleCrest Heritage Snack arrived quickly and works great. Very satisfied.,email,
174,338,1122,2025-08-01,5,Impressive VoltStream Ultra Charger. Shipping was fast and packaging was great.,chat,
175,926,9715,2026-03-19,5,Great value for the price. The FreshField Gourmet Baking exceeded my expectations.,chat,
176,843,10389,2025-09-30,1,Do not buy this OceanCatch Organic Cereal. Horrible quality from OceanCatch.,email,
177,1470,1628,2025-09-02,4,Best purchase Ive made this year. The FreshFace Pure Tool is fantastic.,chat,
178,2358,10499,2025-09-13,4,Fast shipping and the OceanCatch Organic Cereal works perfectly. Would buy again.,social_media,
179,1155,6487,2025-11-05,3,Its okay. The SilkEssence Revive Skincare does what its supposed to do.,email,
180,2159,13323,2026-01-06,5,Amazing ReadMore Complete Fiction from ReadMore. My whole family loves it.,email,
181,551,7365,2026-01-03,5,Outstanding HomeNest Deluxe Cleaning. HomeNest has a customer for life.,email,
182,1624,11109,2026-02-12,5,Love the design and functionality of this HomeNest Rustic Cookware.,email,
183,607,8130,2025-07-31,4,Excellent craftsmanship on this RadiantRose Pure Men Grooming. Worth every penny.,survey,
184,902,13133,2026-01-01,4,Impressive RapidStride Core Swim Gear. Shipping was fast and packaging was great.,email,
185,2449,14516,2025-11-30,3,"Mixed feelings about this EarthBite Artisan Spice. Some features are good, others not so much.",chat,
186,672,9812,2025-07-28,5,Solid build quality on this GreenLeaf Athletic Dresse. Very durable.,chat,
187,186,1819,2026-01-20,5,Bought this as a gift and they absolutely loved the GreenLeaf Athletic Dresse.,survey,
188,1077,3616,2025-10-27,2,The AquaBliss Hydra Sun Care is overpriced for what you get. Total letdown.,email,
189,1852,7214,2025-11-21,4,The CanvasWear Classic Jean is exactly what I needed. Five stars!,chat,
190,436,358,2025-08-26,4,Solid build quality on this BrightPage Illustrated Self-Help. Very durable.,survey,
191,736,8923,2025-09-12,5,The NovaByte Lite Camera is exactly what I needed. Five stars!,chat,
192,1361,7248,2026-02-16,2,Save your money. This GlowLab Crystal Sun Care from GlowLab is not worth it.,social_media,
193,1732,540,2025-10-28,3,Not bad but not amazing either. The HarborHouse Artisan Lighting is middle of the road.,chat,
194,2426,5947,2025-08-10,5,Best purchase Ive made this year. The GlowLab Velvet Sun Care is fantastic.,survey,
195,1388,14962,2025-06-01,5,Solid build quality on this ApexDigital Premium Smartphone. Very durable.,chat,
196,2300,4517,2026-03-28,5,The LuxeGlow Radiant Makeup arrived quickly and works great. Very satisfied.,survey,
197,2372,10690,2026-01-31,5,Great value for the price. The FreshField Gourmet Baking exceeded my expectations.,email,
198,20,471,2025-08-17,3,Its okay. The StoneBridge Artisan Towel does what its supposed to do.,email,
199,1102,5223,2025-12-30,4,Impressive GoldenGrain Fresh Spice. Shipping was fast and packaging was great.,survey,
200,796,10485,2025-10-08,4,The StyleCraft Athletic Shoe has made such a difference. Highly recommend StyleCraft.,chat,
201,1628,2560,2026-01-10,5,Solid build quality on this FreshField Artisan Dairy. Very durable.,chat,
202,473,14680,2026-02-18,1,The WillowHome Deluxe Bedding arrived damaged. Customer service was unhelpful.,email,
203,1110,11184,2025-07-29,4,Great value for the price. The GreenLeaf Cozy Activewear exceeded my expectations.,email,
204,1959,1844,2026-03-21,5,Love the design and functionality of this ApexDigital Mini Speaker.,email,
205,959,14119,2026-01-10,3,Fair quality for the price point. The VelvetSkin Revive Fragrance is functional.,survey,
206,403,5829,2025-06-11,5,Ive tried many similar products but this RapidStride Flex Hiking from RapidStride is the best.,email,
207,1680,4570,2025-12-21,5,Outstanding RadiantRose Bloom Body Care. RadiantRose has a customer for life.,survey,
208,2040,1630,2026-02-17,5,Amazing SummitGear Power Bike from SummitGear. My whole family loves it.,chat,
209,2232,13983,2026-02-10,4,Solid build quality on this EarthBite Farm Fresh Snack. Very durable.,social_media,
210,396,13053,2025-07-24,3,Average quality AquaPro Flex Camping. Expected a bit more from AquaPro.,chat,
211,2228,12134,2026-01-21,5,The NorthTrail Slim Fit Shoe is exactly what I needed. Five stars!,email,
212,637,14556,2025-12-12,5,Excellent craftsmanship on this CoreMotion Flex Dumbbell. Worth every penny.,email,
213,63,14029,2025-08-06,2,Do not buy this PixelEdge Slim Smartwatche. Horrible quality from PixelEdge.,social_media,
214,2117,7121,2025-06-11,4,Perfect SunRipe Artisan Baking! Exactly as described and then some.,survey,
215,738,7878,2025-07-19,5,Love the design and functionality of this SilkRoad Classic Dresse.,chat,
216,1528,2766,2026-03-25,5,Love the design and functionality of this AquaPro Power Soccer.,chat,
217,467,10207,2025-09-07,4,The FreshFace Revive Tool is exactly what I needed. Five stars!,social_media,
218,1179,4439,2025-11-14,1,Do not buy this NovaByte Advanced Camera. Horrible quality from NovaByte.,chat,
219,382,5123,2025-08-04,4,Perfect GreenHarvest Farm Fresh Beverage! Exactly as described and then some.,survey,
220,547,7753,2025-12-08,2,Not happy with this purchase at all. The PixelEdge Max Tablet is junk.,chat,
221,2026,1968,2026-02-25,2,The FreshFace Velvet Makeup arrived damaged. Customer service was unhelpful.,email,
222,491,7590,2025-12-13,2,The NovaByte Plus Cable stopped working after a month. Very frustrated.,chat,
223,829,638,2026-01-20,5,Super happy with this TrailBlaze Speed Soccer. TrailBlaze never disappoints.,email,
224,196,12892,2025-10-14,5,Amazing OceanCatch Farm Fresh Beverage from OceanCatch. My whole family loves it.,social_media,
225,1378,13083,2025-07-10,5,Solid build quality on this SummitGear Impact Basketball. Very durable.,social_media,
226,1065,3573,2025-10-02,5,The ElmHouse Premium Bedding arrived quickly and works great. Very satisfied.,survey,
227,187,581,2026-01-02,3,Took a while to arrive but the ElmHouse Smart Decor is acceptable.,chat,
228,78,7685,2025-10-25,4,Outstanding UrbanThread Classic Jean. UrbanThread has a customer for life.,social_media,
229,1892,9233,2025-06-04,5,Great value for the price. The UrbanThread Classic Jean exceeded my expectations.,social_media,
230,2219,5125,2025-10-11,5,Ive tried many similar products but this NutriBlend Wholesome Baking from NutriBlend is the best.,email,
231,1183,10836,2025-06-12,5,Absolutely love this CoreMotion Endurance Running Gear! Quality is outstanding.,survey,
232,1987,457,2025-06-29,5,Outstanding NorthTrail Slim Fit Shoe. NorthTrail has a customer for life.,email,
233,1893,10957,2025-12-28,4,Outstanding RadiantRose Pure Men Grooming. RadiantRose has a customer for life.,chat,
234,1212,6110,2025-06-22,4,The FreshFace Revive Tool is exactly what I needed. Five stars!,survey,
235,2263,14803,2025-12-08,4,Absolutely love this VoltStream Ultra Cable! Quality is outstanding.,social_media,
236,801,12607,2025-12-31,5,Love the design and functionality of this PureComfort Modern Rug.,survey,
237,1202,9585,2026-02-08,4,Very pleased with my purchase. The RadiantRose Hydra Set is top notch.,chat,
238,1494,13974,2026-02-13,5,Great value for the price. The SilkRoad Classic Dresse exceeded my expectations.,social_media,
239,2033,4184,2025-07-19,4,Solid build quality on this MindPress Classic Children. Very durable.,chat,
240,1225,13251,2026-01-22,4,Very pleased with my purchase. The AquaPro Power Soccer is top notch.,email,
241,542,14874,2025-06-02,3,Average quality FreshField Premium Frozen. Expected a bit more from FreshField.,chat,
242,1794,2585,2026-03-17,5,Impressive VelvetSkin Revive Fragrance. Shipping was fast and packaging was great.,email,
243,1918,7416,2026-02-16,2,Disappointed with this TrailBlaze Performance Dumbbell. Quality is poor for the price.,survey,
244,16,2214,2025-07-01,5,Really impressed with the CanvasWear quality. Highly recommend!,survey,
245,2398,10053,2025-08-05,5,The BlueHarbor Relaxed Hat arrived quickly and works great. Very satisfied.,chat,
246,1911,11123,2025-07-20,5,Perfect ClearInk Illustrated Children! Exactly as described and then some.,chat,
247,2337,5202,2025-11-04,3,The OceanCatch Organic Cereal arrived on time. Quality is about what I expected.,email,
248,2082,365,2026-03-01,4,The PageTurn Essential Children is exactly what I needed. Five stars!,survey,
249,722,3999,2025-09-11,3,The BrightSpace Premium Furniture arrived on time. Quality is about what I expected.,social_media,
250,15,13376,2026-03-19,3,The AlpineEdge Flex Yoga Mat is satisfactory. AlpineEdge could do better.,survey,
251,1308,12039,2025-12-05,5,Super happy with this GreenHarvest Fresh Snack. GreenHarvest never disappoints.,email,
252,217,10349,2025-07-24,2,Terrible experience. The PageTurn Essential Children doesnt work as advertised.,email,
253,748,5385,2025-09-18,4,Really impressed with the GreenHarvest quality. Highly recommend!,chat,
254,107,12021,2025-06-14,4,Great value for the price. The MindPress Illustrated Non-Fiction exceeded my expectations.,chat,
255,318,919,2025-12-02,5,Amazing CoreMotion Flex Dumbbell from CoreMotion. My whole family loves it.,survey,
256,1708,13010,2025-12-25,5,Best purchase Ive made this year. The BrightPage Beginner Fiction is fantastic.,chat,
257,1551,2791,2026-01-25,5,Love the design and functionality of this BrightPage Illustrated Self-Help.,survey,
258,515,14445,2025-09-17,4,Wonderful quality. Will definitely order more from SummitGear.,social_media,
259,38,13638,2025-07-02,4,Amazing HarborHouse Artisan Storage from HarborHouse. My whole family loves it.,chat,
260,1869,3324,2026-02-15,4,The OceanCatch Farm Fresh Snack has made such a difference. Highly recommend OceanCatch.,social_media,
261,2214,9904,2026-02-24,5,Excellent craftsmanship on this BlueHarbor Relaxed Hat. Worth every penny.,email,
262,2327,12394,2025-08-23,4,Super happy with this ApexDigital Mini Speaker. ApexDigital never disappoints.,email,
263,2031,8134,2026-01-03,5,Amazing PageTurn Classic Fiction from PageTurn. My whole family loves it.,survey,
264,292,14496,2025-11-09,4,Best purchase Ive made this year. The LuxeGlow Bloom Set is fantastic.,social_media,
265,1819,12667,2025-08-06,4,Wonderful quality. Will definitely order more from MindPress.,social_media,
266,1053,9486,2025-12-31,4,Absolutely love this CanvasWear Classic Jean! Quality is outstanding.,chat,
267,334,14920,2025-11-09,3,The PureStitch Classic Jean is satisfactory. PureStitch could do better.,social_media,
268,2271,969,2025-07-06,1,Disappointed with this RadiantRose Revive Makeup. Quality is poor for the price.,email,
269,687,9704,2025-09-21,3,Average quality ElmHouse Compact Cleaning. Expected a bit more from ElmHouse.,survey,
270,1286,5371,2025-12-18,4,Outstanding CoreMotion Endurance Running Gear. CoreMotion has a customer for life.,social_media,
271,203,7656,2025-12-29,5,Bought this as a gift and they absolutely loved the NutriBlend Wholesome Baking.,social_media,
272,1894,8636,2025-11-07,5,Absolutely love this IronPeak Impact Basketball! Quality is outstanding.,chat,
273,2345,12510,2025-07-04,5,Love the design and functionality of this IronPeak Impact Basketball.,social_media,
274,189,795,2025-10-06,3,The FreshFace Luxe Men Grooming is decent for the price. Nothing special but works.,email,
275,2077,14159,2025-11-04,5,Excellent craftsmanship on this GreenLeaf Modern Sweater. Worth every penny.,chat,
276,2239,8785,2026-02-15,3,The SunRipe Farm Fresh Dairy is satisfactory. SunRipe could do better.,social_media,
277,1889,8300,2025-10-19,4,Fast shipping and the EarthBite Farm Fresh Snack works perfectly. Would buy again.,email,
278,19,11826,2025-09-09,5,Absolutely love this AlpineEdge Core Hiking! Quality is outstanding.,email,
279,2300,4476,2026-03-22,4,The RapidStride Impact Dumbbell is exactly what I needed. Five stars!,chat,
280,1590,5921,2025-11-02,5,Excellent craftsmanship on this CanvasWear Classic Jean. Worth every penny.,chat,
281,400,9915,2026-01-16,5,Really impressed with the SummitGear quality. Highly recommend!,social_media,
282,1334,8880,2025-08-16,5,Impressive BloomBeauty Silk Sun Care. Shipping was fast and packaging was great.,survey,
283,2138,3554,2026-01-13,3,"The CoreMotion Speed Bike is fine. Not great, not terrible.",survey,
284,1980,4936,2025-07-12,3,The PureComfort Modern Rug arrived on time. Quality is about what I expected.,survey,
285,2134,1497,2026-03-26,4,Wonderful quality. Will definitely order more from AquaPro.,social_media,
286,1547,201,2025-06-11,4,Wonderful quality. Will definitely order more from SignalMax.,chat,
287,301,3808,2025-07-12,4,Really impressed with the HarborHouse quality. Highly recommend!,social_media,
288,573,12734,2025-08-25,5,Amazing TrailBlaze Speed Soccer from TrailBlaze. My whole family loves it.,survey,
289,724,5129,2025-08-03,4,Love the design and functionality of this TrailBlaze Speed Soccer.,chat,
290,869,9752,2025-09-04,5,Really impressed with the SilkRoad quality. Highly recommend!,chat,
291,923,739,2026-02-28,5,The MapleCrest Heritage Snack is exactly what I needed. Five stars!,email,
292,1672,4201,2025-07-05,3,The FreshField Wild Supplement arrived on time. Quality is about what I expected.,survey,
293,1760,5268,2025-09-20,5,Excellent craftsmanship on this LuxeGlow Radiant Makeup. Worth every penny.,social_media,
294,728,4850,2025-09-02,5,Great value for the price. The CoreMotion Endurance Running Gear exceeded my expectations.,chat,
295,2,8225,2025-08-28,5,Absolutely love this PixelEdge Max Tablet! Quality is outstanding.,social_media,
296,1,2322,2026-01-19,1,The BrightPage Advanced Biography broke after two weeks. Not buying from BrightPage again.,social_media,
297,1876,14809,2025-07-15,5,Outstanding DataPulse Lite Smartphone. DataPulse has a customer for life.,chat,
298,1417,13398,2026-02-11,3,Okay purchase. The TechVault Premium Cable could use some improvements.,survey,
299,605,10684,2025-06-23,5,Amazing AquaPro Flex Camping from AquaPro. My whole family loves it.,chat,
300,385,13140,2025-10-02,4,Best purchase Ive made this year. The GlowLab Velvet Sun Care is fantastic.,chat,
301,385,670,2026-02-20,5,The GoldenGrain Fresh Spice has made such a difference. Highly recommend GoldenGrain.,chat,
302,179,4430,2025-08-04,5,The GreenHarvest Wholesome Snack is exactly what I needed. Five stars!,social_media,
303,1423,13216,2025-06-25,5,The FreshField Artisan Dairy is exactly what I needed. Five stars!,chat,
304,378,11428,2025-12-17,3,Decent AlpineEdge Flex Yoga Mat from AlpineEdge. Would consider alternatives next time.,chat,
305,393,10676,2025-08-11,5,Best purchase Ive made this year. The CoreMotion Speed Bike is fantastic.,survey,
306,56,807,2026-02-26,1,Very poor quality SummitGear Impact Basketball. Expected much better from SummitGear.,chat,
307,1270,14495,2026-02-26,2,Disappointed with this StoneBridge Artisan Towel. Quality is poor for the price.,email,
308,1925,5586,2025-11-20,4,Impressive BrightPage Beginner Fiction. Shipping was fast and packaging was great.,chat,
309,816,8493,2025-08-17,5,Perfect HarborHouse Modern Storage! Exactly as described and then some.,email,
310,785,11283,2025-12-10,5,The NorthTrail Vintage T-Shirt has made such a difference. Highly recommend NorthTrail.,social_media,
311,266,5690,2025-11-27,4,Wonderful quality. Will definitely order more from NorthTrail.,social_media,
312,423,13518,2025-08-20,5,The FitForm Casual Hat is exactly what I needed. Five stars!,survey,
313,1185,1896,2026-02-12,5,Amazing SunRipe Farm Fresh Canned from SunRipe. My whole family loves it.,chat,
314,653,9893,2025-06-04,5,Impressive NovaByte Advanced Speaker. Shipping was fast and packaging was great.,email,
315,2419,14837,2025-09-22,5,Amazing OceanCatch Organic Cereal from OceanCatch. My whole family loves it.,chat,
316,516,10200,2026-03-16,4,The CanvasWear Classic Jean arrived quickly and works great. Very satisfied.,chat,
317,56,12958,2025-06-28,2,Very poor quality AquaPro Power Soccer. Expected much better from AquaPro.,survey,
318,1444,5237,2026-03-19,3,The FreshField Artisan Dairy is decent for the price. Nothing special but works.,chat,
319,2006,9670,2025-07-18,2,Save your money. This FreshField Gourmet Baking from FreshField is not worth it.,social_media,
320,2056,4738,2025-09-13,5,The MindPress Classic Tech arrived quickly and works great. Very satisfied.,survey,
321,2351,3048,2025-11-07,2,Worst BlueHarbor Slim Fit T-Shirt Ive ever bought. BlueHarbor has lost my trust.,chat,
322,478,3675,2025-06-22,4,Amazing AquaPro Flex Dumbbell from AquaPro. My whole family loves it.,social_media,
323,710,6545,2025-07-12,4,Fast shipping and the HomeNest Modern Storage works perfectly. Would buy again.,email,
324,1171,2655,2025-07-23,5,Great value for the price. The StyleCraft Cozy Sweater exceeded my expectations.,social_media,
325,2127,14583,2025-07-07,5,Super happy with this OceanCatch Farm Fresh Beverage. OceanCatch never disappoints.,social_media,
326,1005,12336,2025-08-01,4,Solid build quality on this ZenithTech Lite Speaker. Very durable.,chat,
327,1242,6449,2025-11-29,4,Super happy with this ElmHouse Premium Bedding. ElmHouse never disappoints.,email,
328,109,2620,2025-07-31,4,Bought this as a gift and they absolutely loved the SilkEssence Silk Body Care.,email,
329,1586,10783,2025-07-25,5,Super happy with this HarborHouse Heritage Towel. HarborHouse never disappoints.,survey,
330,2438,10541,2025-08-12,3,The StyleCraft Cozy Sweater is satisfactory. StyleCraft could do better.,email,
331,2284,13611,2026-01-06,5,Bought this as a gift and they absolutely loved the BlueHarbor Relaxed Hat.,social_media,
332,1918,7835,2025-10-03,5,Absolutely love this SummitGear Power Soccer! Quality is outstanding.,email,
333,1584,9042,2025-07-28,3,Not bad but not amazing either. The GreenLeaf Athletic Dresse is middle of the road.,email,
334,1753,8741,2025-09-06,5,Best purchase Ive made this year. The GoldenGrain Artisan Spice is fantastic.,social_media,
335,1690,14094,2025-07-12,4,Ive tried many similar products but this CanvasWear Cozy T-Shirt from CanvasWear is the best.,chat,
336,180,8127,2025-07-14,2,Not happy with this purchase at all. The FreshField Artisan Dairy is junk.,social_media,
337,483,13542,2025-06-05,2,Do not buy this ClearInk Pocket Tech. Horrible quality from ClearInk.,chat,
338,2230,12393,2025-09-01,4,Excellent craftsmanship on this PureComfort Modern Rug. Worth every penny.,survey,
339,1036,1363,2025-07-19,5,Very pleased with my purchase. The ElmHouse Artisan Rug is top notch.,social_media,
340,288,12477,2025-09-08,4,Great value for the price. The PureAura Velvet Body Care exceeded my expectations.,chat,
341,812,14050,2025-06-29,5,Best purchase Ive made this year. The MindPress Illustrated Non-Fiction is fantastic.,survey,
342,646,9574,2025-10-04,3,Took a while to arrive but the VelocityX Flex Running Gear is acceptable.,social_media,
343,2359,5064,2025-07-22,4,Solid build quality on this VoltStream Ultra Charger. Very durable.,chat,
344,684,5651,2025-10-02,3,The PureAura Crystal Haircare works but the instructions were confusing.,survey,
345,2485,1640,2025-10-03,5,The AquaBliss Hydra Sun Care is exactly what I needed. Five stars!,survey,
346,1931,14023,2026-01-10,4,The FreshFace Revive Tool is exactly what I needed. Five stars!,social_media,
347,114,10926,2025-12-03,3,Okay purchase. The PageTurn Classic Fiction could use some improvements.,social_media,
348,2255,6533,2025-09-03,5,The FlexFit Grip Basketball arrived quickly and works great. Very satisfied.,email,
349,1475,13205,2026-01-01,5,Fast shipping and the StyleCraft Athletic Sweater works perfectly. Would buy again.,social_media,
350,1444,3036,2025-12-23,5,Solid build quality on this SilkRoad Classic Dresse. Very durable.,social_media,
351,2082,13309,2026-03-04,2,Terrible experience. The VoltStream Ultra Cable doesnt work as advertised.,email,
352,528,1244,2025-08-15,4,Very pleased with my purchase. The CoreMotion Speed Bike is top notch.,survey,
353,1321,747,2026-01-05,4,Fast shipping and the SilkEssence Silk Body Care works perfectly. Would buy again.,email,
354,1650,8226,2025-10-22,5,Great value for the price. The VoltStream Mini Headphone exceeded my expectations.,chat,
355,1288,8877,2025-06-30,4,Best purchase Ive made this year. The GreenHarvest Farm Fresh Beverage is fantastic.,chat,
356,981,11941,2025-12-12,5,Excellent craftsmanship on this MindPress Definitive Biography. Worth every penny.,email,
357,393,12259,2026-01-13,4,Impressive ThreadBound Comfort T-Shirt. Shipping was fast and packaging was great.,chat,
358,1222,10896,2026-03-20,5,Perfect BrightSpace Compact Rug! Exactly as described and then some.,email,
359,34,7073,2026-02-17,2,Extremely disappointed. The FreshField Premium Frozen fell apart quickly.,social_media,
360,922,2064,2025-12-10,5,Super happy with this MindPress Definitive Biography. MindPress never disappoints.,survey,
361,878,231,2026-03-18,5,Impressive ThreadBound Comfort T-Shirt. Shipping was fast and packaging was great.,email,
362,1195,9169,2026-03-25,2,Do not buy this BookBound Essential Science. Horrible quality from BookBound.,social_media,
363,12,11314,2026-01-02,5,Solid build quality on this FlexFit Grip Basketball. Very durable.,email,
364,2162,6535,2026-03-01,4,The HarborHouse Artisan Storage has made such a difference. Highly recommend HarborHouse.,chat,
365,1947,12362,2026-01-08,2,Extremely disappointed. The TrailBlaze Flex Soccer fell apart quickly.,chat,
366,823,12405,2025-07-26,4,Wonderful quality. Will definitely order more from FlexFit.,chat,
367,476,11311,2026-01-18,3,Reasonable MindPress Illustrated Non-Fiction. Would rate it as average overall.,email,
368,1119,2553,2025-07-28,3,Decent RapidStride Core Swim Gear from RapidStride. Would consider alternatives next time.,survey,
369,374,12530,2025-10-13,5,Absolutely love this FreshFace Velvet Makeup! Quality is outstanding.,survey,
370,233,2531,2025-07-10,3,Average quality NovaByte Plus Cable. Expected a bit more from NovaByte.,chat,
371,2380,7726,2026-02-21,4,Excellent craftsmanship on this AlpineEdge Flex Yoga Mat. Worth every penny.,email,
372,1457,4411,2025-10-22,5,Outstanding ApexDigital Slim Smartwatche. ApexDigital has a customer for life.,social_media,
373,365,5558,2026-02-26,5,Great value for the price. The VoltStream Mini Headphone exceeded my expectations.,chat,
374,1586,4602,2025-07-28,4,Wonderful quality. Will definitely order more from BloomBeauty.,chat,
375,758,9605,2025-12-30,3,"The SilkEssence Velvet Men Grooming is fine. Not great, not terrible.",survey,
376,556,10535,2025-12-05,4,The GoldenGrain Fresh Spice is exactly what I needed. Five stars!,chat,
377,2490,4598,2025-10-30,3,Okay purchase. The SummitGear Power Soccer could use some improvements.,email,
378,1042,1585,2025-09-13,5,Bought this as a gift and they absolutely loved the ApexDigital Premium Smartphone.,survey,
379,2049,6965,2025-11-16,4,Outstanding RadiantRose Radiant Tool. RadiantRose has a customer for life.,social_media,
380,2244,3688,2025-09-09,5,Really impressed with the HarborHouse quality. Highly recommend!,chat,
381,1717,10818,2025-06-18,4,Bought this as a gift and they absolutely loved the ThreadBound Relaxed T-Shirt.,chat,
382,1433,135,2025-11-25,3,Its okay. The HarborHouse Modern Storage does what its supposed to do.,survey,
383,1396,154,2025-07-18,2,Would not recommend this ClearView Ultra Cable. Very cheaply made.,chat,
384,1398,10734,2026-01-09,5,Excellent craftsmanship on this BlueHarbor Slim Fit Shoe. Worth every penny.,chat,
385,1958,7425,2025-10-13,4,Best purchase Ive made this year. The BlueHarbor Slim Fit T-Shirt is fantastic.,survey,
386,1189,14145,2025-12-24,3,Not bad but not amazing either. The NovaByte Plus Cable is middle of the road.,survey,
387,1126,5131,2026-03-15,5,Bought this as a gift and they absolutely loved the SummitGear Impact Basketball.,email,
388,848,2259,2025-07-22,3,Average quality ElmHouse Compact Cleaning. Expected a bit more from ElmHouse.,chat,
389,895,13271,2025-12-21,3,Took a while to arrive but the FlexFit Grip Basketball is acceptable.,social_media,
390,230,2547,2025-09-03,5,Impressive PureStitch Classic Jean. Shipping was fast and packaging was great.,chat,
391,736,11461,2025-12-13,4,Absolutely love this PixelEdge Advanced Charger! Quality is outstanding.,survey,
392,1164,1237,2025-11-07,4,Outstanding RapidStride Impact Dumbbell. RapidStride has a customer for life.,chat,
393,1225,1688,2025-06-28,5,Great value for the price. The FreshField Gourmet Supplement exceeded my expectations.,email,
394,256,13356,2025-10-26,4,Fast shipping and the InkWell Essential Cooking works perfectly. Would buy again.,survey,
395,1074,4369,2025-07-01,3,Not bad but not amazing either. The BloomBeauty Silk Sun Care is middle of the road.,social_media,
396,402,6099,2026-03-10,5,Excellent craftsmanship on this NovaByte Mini Speaker. Worth every penny.,social_media,
397,824,12150,2025-07-08,5,The ThreadBound Vintage Dresse arrived quickly and works great. Very satisfied.,social_media,
398,1041,6486,2025-11-11,5,Amazing PureComfort Smart Decor from PureComfort. My whole family loves it.,email,
399,744,1858,2026-01-30,5,Outstanding GreenLeaf Athletic Dresse. GreenLeaf has a customer for life.,survey,
400,617,6045,2025-12-29,1,Terrible experience. The RapidStride Flex Hiking doesnt work as advertised.,social_media,
401,2033,4698,2025-08-31,4,Absolutely love this PureComfort Smart Decor! Quality is outstanding.,social_media,
402,2018,21,2025-10-25,4,Super happy with this PixelEdge Max Tablet. PixelEdge never disappoints.,email,
403,2203,1672,2026-03-24,2,Would not recommend this ElmHouse Smart Decor. Very cheaply made.,survey,
404,909,60,2025-12-06,3,Took a while to arrive but the ClearInk Illustrated Children is acceptable.,chat,
405,1325,5372,2025-12-02,4,Excellent craftsmanship on this VoltStream Mini Headphone. Worth every penny.,social_media,
406,97,7366,2026-03-10,5,Fast shipping and the ZenithTech Ultra Charger works perfectly. Would buy again.,survey,
407,774,10136,2025-07-18,4,Amazing GreenHarvest Fresh Snack from GreenHarvest. My whole family loves it.,email,
408,2295,11130,2025-10-26,5,Outstanding BrightSpace Compact Rug. BrightSpace has a customer for life.,chat,
409,1621,6765,2026-02-05,5,The ElmHouse Smart Decor arrived quickly and works great. Very satisfied.,email,
410,2082,861,2025-08-08,5,Bought this as a gift and they absolutely loved the TechVault Premium Cable.,email,
411,2361,11463,2025-10-02,3,Decent ReadMore Classic History from ReadMore. Would consider alternatives next time.,survey,
412,2456,10436,2025-12-22,5,Absolutely love this DeepRead Modern Travel! Quality is outstanding.,email,
413,2497,14202,2025-06-01,2,The FreshField Gourmet Supplement is overpriced for what you get. Total letdown.,social_media,
414,1640,10088,2025-10-14,5,Wonderful quality. Will definitely order more from HarborHouse.,social_media,
415,536,2874,2025-11-16,4,Very pleased with my purchase. The TrailBlaze Performance Dumbbell is top notch.,chat,
416,449,10631,2025-12-03,4,Impressive StoneBridge Heritage Storage. Shipping was fast and packaging was great.,email,
417,518,14319,2026-03-16,3,"Mixed feelings about this DataPulse Lite Smartphone. Some features are good, others not so much.",social_media,
418,1414,3777,2025-06-15,5,Impressive StyleCraft Athletic Shoe. Shipping was fast and packaging was great.,social_media,
419,479,14369,2025-11-03,4,Absolutely love this TrailBlaze Speed Soccer! Quality is outstanding.,social_media,
420,668,14344,2025-08-28,5,Really impressed with the ApexDigital quality. Highly recommend!,chat,
421,1641,11453,2025-11-20,5,The NovaByte Advanced Camera is exactly what I needed. Five stars!,chat,
422,235,81,2025-12-29,4,The ReadMore Complete Fiction arrived quickly and works great. Very satisfied.,email,
423,1504,2052,2025-06-30,4,Super happy with this BlueHarbor Slim Fit Shoe. BlueHarbor never disappoints.,email,
424,1737,1354,2025-08-26,2,Returned this GreenHarvest Fresh Snack immediately. Complete waste of money.,social_media,
425,2153,10776,2025-12-06,4,Super happy with this NovaByte Plus Camera. NovaByte never disappoints.,social_media,
426,728,8217,2025-10-30,4,Fast shipping and the ZenithTech Lite Speaker works perfectly. Would buy again.,email,
427,1582,4846,2025-09-11,5,Best purchase Ive made this year. The StyleCraft Cozy Sweater is fantastic.,social_media,
428,199,14851,2025-09-09,4,Impressive GoldenGrain Fresh Snack. Shipping was fast and packaging was great.,survey,
429,823,5799,2025-11-10,2,Would not recommend this ElmHouse Artisan Rug. Very cheaply made.,chat,
430,2183,3512,2025-11-11,4,The HarborHouse Premium Storage has made such a difference. Highly recommend HarborHouse.,survey,
431,1216,10267,2025-08-05,5,Super happy with this CoreMotion Peak Camping. CoreMotion never disappoints.,survey,
432,695,10235,2025-12-12,3,"The OceanCatch Organic Cereal is fine. Not great, not terrible.",survey,
433,1437,11042,2025-07-27,3,The TrailBlaze Flex Soccer arrived on time. Quality is about what I expected.,social_media,
434,1906,6053,2025-08-22,5,Perfect FreshField Premium Spice! Exactly as described and then some.,chat,
435,539,815,2025-09-01,3,"The SunRipe Artisan Dairy is fine. Not great, not terrible.",chat,
436,1620,7495,2026-03-09,4,Love the design and functionality of this DeepRead Pocket Fiction.,email,
437,444,13427,2025-09-30,4,Wonderful quality. Will definitely order more from SignalMax.,survey,
438,2179,846,2025-07-21,4,Impressive GreenLeaf Athletic Dresse. Shipping was fast and packaging was great.,social_media,
439,305,12709,2025-12-12,5,The StoryLine Comprehensive Travel arrived quickly and works great. Very satisfied.,survey,
440,2197,12688,2025-10-02,4,Wonderful quality. Will definitely order more from PixelEdge.,survey,
441,115,14460,2025-07-16,5,Great value for the price. The VelvetSkin Revive Fragrance exceeded my expectations.,email,
442,2259,13749,2026-01-06,5,Outstanding NorthTrail Slim Fit Jean. NorthTrail has a customer for life.,chat,
443,1670,4592,2025-07-23,2,Do not buy this HarborHouse Heritage Towel. Horrible quality from HarborHouse.,email,
444,2002,5476,2025-08-06,5,Really impressed with the VoltStream quality. Highly recommend!,social_media,
445,1657,1819,2025-08-21,2,The FreshField Premium Spice arrived damaged. Customer service was unhelpful.,chat,
446,618,11855,2025-07-25,5,Ive tried many similar products but this GreenLeaf Cozy Activewear from GreenLeaf is the best.,survey,
447,651,13084,2025-09-04,5,Best purchase Ive made this year. The BrightPage Illustrated Tech is fantastic.,survey,
448,842,8708,2026-03-18,3,"Mixed feelings about this ElmHouse Compact Cleaning. Some features are good, others not so much.",survey,
449,1354,5642,2025-06-18,5,Absolutely love this BookBound Modern Science! Quality is outstanding.,chat,
450,6,4817,2025-07-20,2,Do not buy this MindPress Definitive History. Horrible quality from MindPress.,survey,
451,2313,1468,2026-01-09,5,Best purchase Ive made this year. The EarthBite Natural Spice is fantastic.,chat,
452,1972,12472,2025-11-30,3,Decent DeepRead Modern Travel from DeepRead. Would consider alternatives next time.,email,
453,123,8894,2025-09-20,5,Outstanding BookBound Classic Cooking. BookBound has a customer for life.,survey,
454,618,7807,2025-12-28,5,The ThreadBound Vintage Dresse arrived quickly and works great. Very satisfied.,social_media,
455,770,7881,2025-11-29,5,Ive tried many similar products but this OceanCatch Organic Cereal from OceanCatch is the best.,email,
456,604,14531,2025-06-23,5,Very pleased with my purchase. The HomeNest Rustic Cookware is top notch.,social_media,
457,2180,4061,2025-11-16,5,Ive tried many similar products but this LuxeGlow Radiant Makeup from LuxeGlow is the best.,email,
458,628,11176,2025-11-11,4,Ive tried many similar products but this FreshField Artisan Cereal from FreshField is the best.,social_media,
459,399,3078,2026-03-27,3,Not bad but not amazing either. The OceanCatch Farm Fresh Snack is middle of the road.,chat,
460,1823,1125,2026-01-31,4,Absolutely love this FreshFace Luxe Men Grooming! Quality is outstanding.,survey,
461,2394,9176,2025-06-14,4,Very pleased with my purchase. The LuxeGlow Crystal Haircare is top notch.,survey,
462,2219,6674,2025-10-21,5,Solid build quality on this PureStitch Classic Jean. Very durable.,survey,
463,2476,9481,2025-09-18,3,The ClearInk Modern Tech is decent for the price. Nothing special but works.,survey,
464,2169,9193,2026-03-01,4,Bought this as a gift and they absolutely loved the HarborHouse Artisan Storage.,chat,
465,1953,8652,2025-12-10,4,Bought this as a gift and they absolutely loved the LuxeGlow Crystal Haircare.,email,
466,1435,3257,2026-02-13,4,Super happy with this HarborHouse Smart Storage. HarborHouse never disappoints.,chat,
467,162,9904,2025-10-17,4,Amazing VelvetSkin Hydra Sun Care from VelvetSkin. My whole family loves it.,chat,
468,1644,12332,2025-06-30,3,Average quality BrightPage Illustrated Self-Help. Expected a bit more from BrightPage.,survey,
469,1579,12971,2025-06-13,4,Super happy with this VelvetSkin Revive Fragrance. VelvetSkin never disappoints.,email,
470,1351,1209,2025-08-04,5,Amazing ThreadBound Comfort T-Shirt from ThreadBound. My whole family loves it.,chat,
471,1086,13559,2025-11-09,2,Would not recommend this GoldenGrain Fresh Snack. Very cheaply made.,email,
472,1418,12237,2025-06-19,5,Outstanding ThreadBound Vintage Dresse. ThreadBound has a customer for life.,chat,
473,1540,1529,2025-12-15,5,Absolutely love this OceanCatch Artisan Canned! Quality is outstanding.,chat,
474,1193,3010,2025-11-29,4,Excellent craftsmanship on this SignalMax Ultra Speaker. Worth every penny.,chat,
475,442,2164,2025-12-31,3,Not bad but not amazing either. The VoltStream Advanced Smartphone is middle of the road.,social_media,
476,526,6634,2025-12-22,5,Perfect StyleCraft Slim Fit Short! Exactly as described and then some.,social_media,
477,1926,9283,2026-01-12,4,Great value for the price. The MindPress Illustrated Non-Fiction exceeded my expectations.,survey,
478,476,11706,2025-11-20,4,Perfect LuxeGlow Radiant Makeup! Exactly as described and then some.,email,
479,641,10854,2025-10-27,4,The CraftHaven Artisan Towel has made such a difference. Highly recommend CraftHaven.,email,
480,479,11670,2025-09-27,5,Ive tried many similar products but this ZenithTech Lite Speaker from ZenithTech is the best.,social_media,
481,1589,10442,2025-12-04,3,Reasonable StoryLine Comprehensive Travel. Would rate it as average overall.,email,
482,1255,679,2025-12-20,5,The LuxeGlow Crystal Haircare arrived quickly and works great. Very satisfied.,email,
483,1354,14939,2025-10-07,3,The SummitGear Performance Yoga Mat met my basic needs. Nothing more.,social_media,
484,457,5356,2026-03-07,4,Great value for the price. The BrightSpace Compact Rug exceeded my expectations.,survey,
485,1551,4935,2025-07-29,5,The ElmHouse Smart Decor has made such a difference. Highly recommend ElmHouse.,email,
486,9,61,2025-07-05,5,Love the design and functionality of this SummitGear Performance Yoga Mat.,email,
487,555,8979,2026-03-25,5,Outstanding PageTurn Classic Fiction. PageTurn has a customer for life.,social_media,
488,2257,7876,2025-07-08,5,Impressive PageTurn Essential Children. Shipping was fast and packaging was great.,survey,
489,551,5059,2025-10-06,3,"Mixed feelings about this ApexDigital Slim Smartwatche. Some features are good, others not so much.",social_media,
490,379,11628,2026-02-24,5,Perfect OceanCatch Organic Cereal! Exactly as described and then some.,chat,
491,2393,2343,2025-07-22,4,Absolutely love this CoreMotion Peak Camping! Quality is outstanding.,social_media,
492,1950,6475,2025-11-26,5,Absolutely love this NovaByte Plus Camera! Quality is outstanding.,social_media,
493,91,220,2025-07-07,5,Perfect OceanCatch Farm Fresh Beverage! Exactly as described and then some.,chat,
494,995,7482,2026-03-03,5,Very pleased with my purchase. The GreenLeaf Athletic Dresse is top notch.,email,
495,220,12649,2025-11-17,4,Amazing EarthBite Farm Fresh Snack from EarthBite. My whole family loves it.,survey,
496,1122,5962,2025-10-29,5,Very pleased with my purchase. The DeepRead Modern Travel is top notch.,survey,
497,2322,2705,2026-03-01,5,Amazing CoreMotion Peak Camping from CoreMotion. My whole family loves it.,social_media,
498,2071,9551,2026-02-19,5,Super happy with this CoreMotion Endurance Running Gear. CoreMotion never disappoints.,social_media,
499,448,10219,2025-09-19,4,The PageTurn Comprehensive Children has made such a difference. Highly recommend PageTurn.,email,
500,469,11874,2025-08-18,4,Wonderful quality. Will definitely order more from AquaPro.,survey,
