order_id,customer_id,product_id,order_date,quantity,unit_price,discount_pct,shipping_cost,order_status,payment_method,store_id,inserted_at,_rescued_data
15001,307,71,2026-04-12 09:15:47,4,205.47,0.114,16.94,completed,debit_card,8,2026-04-10 00:07:59.992645,
15002,1980,92,2026-04-15 19:40:01,5,406.23,0.1143,19.68,pending,apple_pay,1,2026-04-10 00:07:59.992645,
15003,1032,113,2026-04-13 04:51:23,6,256.13,0.06,18.2,returned,credit_card,7,2026-04-10 00:07:59.992645,
15004,1475,176,2026-04-16 23:52:48,1,467.11,0.0572,10.88,returned,paypal,3,2026-04-10 00:07:59.992645,
15005,884,167,2026-04-07 14:53:59,9,157.24,0.1262,26.3,completed,credit_card,8,2026-04-10 00:07:59.992645,
15006,2300,68,2026-04-09 19:43:56,4,271.82,0.0719,13.24,returned,debit_card,2,2026-04-10 00:07:59.992645,
15007,1313,156,2026-04-10 18:13:26,7,69.83,0.1682,27.4,completed,credit_card,9,2026-04-10 00:07:59.992645,
15008,1207,186,2026-04-13 06:02:11,7,199.59,0.0887,8.11,returned,debit_card,6,2026-04-10 00:07:59.992645,
15009,193,123,2026-04-09 03:30:13,3,205.06,0.0652,4.26,returned,apple_pay,4,2026-04-10 00:07:59.992645,
15010,2207,7,2026-04-26 04:01:58,8,463.98,0.1086,19.92,shipped,debit_card,5,2026-04-10 00:07:59.992645,
15011,672,167,2026-04-18 04:05:47,6,285.63,0.0203,13.49,completed,apple_pay,10,2026-04-10 00:07:59.992645,
15012,138,164,2026-04-21 19:39:27,6,474.42,0.0442,20.7,completed,debit_card,1,2026-04-10 00:07:59.992645,
15013,1091,24,2026-04-28 02:05:43,4,362.87,0.1534,9.23,pending,credit_card,5,2026-04-10 00:07:59.992645,
15014,412,14,2026-04-23 23:13:14,8,495.13,0.0736,18.48,shipped,credit_card,7,2026-04-10 00:07:59.992645,
15015,1270,156,2026-04-04 03:22:21,9,447.95,0.0662,25.19,returned,credit_card,7,2026-04-10 00:07:59.992645,
15016,947,78,2026-04-09 21:02:12,6,396.2,0.0955,12.0,returned,credit_card,10,2026-04-10 00:07:59.992645,
15017,1680,37,2026-04-02 09:14:27,8,282.6,0.045,17.72,shipped,paypal,10,2026-04-10 00:07:59.992645,
15018,12,130,2026-04-28 10:17:57,4,340.25,0.0977,12.59,returned,debit_card,9,2026-04-10 00:07:59.992645,
15019,36,155,2026-04-18 14:58:05,8,27.24,0.1071,16.08,pending,debit_card,8,2026-04-10 00:07:59.992645,
15020,1696,107,2026-04-09 01:42:08,3,246.82,0.0685,7.08,completed,apple_pay,5,2026-04-10 00:07:59.992645,
15021,1071,185,2026-04-02 17:46:15,9,73.98,0.0719,19.22,returned,debit_card,8,2026-04-10 00:07:59.992645,
15022,2382,137,2026-04-19 08:36:36,3,113.71,0.0196,5.9,pending,debit_card,5,2026-04-10 00:07:59.992645,
15023,1150,63,2026-04-17 02:07:35,1,447.37,0.0221,19.32,pending,apple_pay,6,2026-04-10 00:07:59.992645,
15024,1564,106,2026-04-19 05:43:57,2,357.36,0.0366,19.48,shipped,paypal,8,2026-04-10 00:07:59.992645,
15025,802,169,2026-04-24 06:18:01,4,465.35,0.0403,26.9,pending,debit_card,4,2026-04-10 00:07:59.992645,
15026,2394,10,2026-04-09 01:31:58,5,285.26,0.0052,19.68,completed,paypal,9,2026-04-10 00:07:59.992645,
15027,2108,26,2026-04-03 18:39:14,7,206.29,0.1113,23.26,returned,paypal,10,2026-04-10 00:07:59.992645,
15028,130,136,2026-04-04 10:42:50,2,431.36,0.0643,23.36,completed,apple_pay,7,2026-04-10 00:07:59.992645,
15029,631,104,2026-04-11 17:39:51,2,336.03,0.059,7.04,returned,paypal,9,2026-04-10 00:07:59.992645,
15030,954,164,2026-04-24 21:45:19,8,60.08,0.0326,22.62,returned,paypal,6,2026-04-10 00:07:59.992645,
15031,2224,88,2026-04-10 23:05:31,5,354.36,0.1928,24.08,returned,paypal,6,2026-04-10 00:07:59.992645,
15032,2444,31,2026-04-10 00:32:58,4,105.65,0.0934,8.31,shipped,paypal,4,2026-04-10 00:07:59.992645,
15033,2399,58,2026-04-30 02:50:03,3,489.89,0.1334,13.76,returned,apple_pay,1,2026-04-10 00:07:59.992645,
15034,1012,127,2026-04-29 20:00:35,3,481.08,0.029,21.52,shipped,debit_card,2,2026-04-10 00:07:59.992645,
15035,2363,13,2026-04-11 17:34:31,5,294.47,0.017,17.98,returned,credit_card,10,2026-04-10 00:07:59.992645,
15036,417,140,2026-04-08 15:26:29,8,133.45,0.152,22.66,completed,debit_card,8,2026-04-10 00:07:59.992645,
15037,824,92,2026-04-10 22:59:00,6,384.37,0.0703,12.41,shipped,debit_card,8,2026-04-10 00:07:59.992645,
15038,1078,18,2026-04-07 13:48:58,8,496.26,0.1207,27.5,returned,apple_pay,6,2026-04-10 00:07:59.992645,
15039,1909,58,2026-04-03 19:55:32,3,391.11,0.0825,14.7,returned,credit_card,10,2026-04-10 00:07:59.992645,
15040,2251,146,2026-04-09 06:19:20,8,478.06,0.1888,13.83,shipped,paypal,6,2026-04-10 00:07:59.992645,
15041,1698,63,2026-04-30 14:32:19,1,227.05,0.0649,27.92,returned,debit_card,3,2026-04-10 00:07:59.992645,
15042,1146,147,2026-04-26 09:03:43,7,264.59,0.1457,18.13,shipped,debit_card,1,2026-04-10 00:07:59.992645,
15043,951,70,2026-04-23 05:12:03,1,311.42,0.1177,23.99,shipped,paypal,9,2026-04-10 00:07:59.992645,
15044,494,151,2026-04-05 17:37:47,7,444.03,0.1001,5.43,returned,apple_pay,5,2026-04-10 00:07:59.992645,
15045,1779,190,2026-04-24 10:52:37,9,320.4,0.1768,11.17,completed,credit_card,1,2026-04-10 00:07:59.992645,
15046,923,157,2026-04-01 06:00:40,7,14.95,0.0203,22.56,pending,credit_card,6,2026-04-10 00:07:59.992645,
15047,917,16,2026-04-21 04:53:20,2,66.81,0.1414,17.08,shipped,credit_card,10,2026-04-10 00:07:59.992645,
15048,2247,82,2026-04-17 08:19:03,9,253.39,0.04,19.27,returned,paypal,9,2026-04-10 00:07:59.992645,
15049,1349,153,2026-04-01 17:37:24,1,240.81,0.1342,12.55,completed,credit_card,1,2026-04-10 00:07:59.992645,
15050,526,172,2026-04-19 03:18:32,4,452.31,0.101,3.14,returned,credit_card,7,2026-04-10 00:07:59.992645,
15051,969,58,2026-04-14 13:09:50,2,389.12,0.1853,10.34,returned,paypal,9,2026-04-10 00:07:59.992645,
15052,1881,121,2026-04-18 15:16:33,2,296.5,0.047,3.82,returned,credit_card,9,2026-04-10 00:07:59.992645,
15053,406,103,2026-04-08 07:50:54,8,131.83,0.1397,18.68,returned,debit_card,8,2026-04-10 00:07:59.992645,
15054,2349,46,2026-04-25 16:10:48,9,501.09,0.0691,9.45,returned,debit_card,4,2026-04-10 00:07:59.992645,
15055,1324,122,2026-04-01 15:43:27,8,377.14,0.0795,12.22,returned,debit_card,9,2026-04-10 00:07:59.992645,
15056,679,91,2026-04-30 15:47:39,8,30.99,0.0904,24.84,returned,debit_card,7,2026-04-10 00:07:59.992645,
15057,117,136,2026-04-18 20:57:42,2,171.43,0.0777,18.45,returned,apple_pay,7,2026-04-10 00:07:59.992645,
15058,487,13,2026-04-26 19:04:26,9,266.03,0.1516,23.68,returned,apple_pay,2,2026-04-10 00:07:59.992645,
15059,931,145,2026-04-20 00:06:48,6,103.9,0.139,15.45,pending,debit_card,4,2026-04-10 00:07:59.992645,
15060,2003,115,2026-04-16 06:42:52,1,19.8,0.0855,18.01,completed,debit_card,10,2026-04-10 00:07:59.992645,
15061,2374,25,2026-04-02 05:10:28,4,468.3,0.0405,15.91,returned,credit_card,4,2026-04-10 00:07:59.992645,
15062,526,187,2026-04-19 08:16:11,3,374.92,0.1855,13.27,returned,credit_card,4,2026-04-10 00:07:59.992645,
15063,930,111,2026-04-21 08:06:09,1,42.6,0.0441,8.89,shipped,debit_card,6,2026-04-10 00:07:59.992645,
15064,1136,133,2026-04-15 04:28:38,9,293.36,0.1855,15.22,completed,debit_card,1,2026-04-10 00:07:59.992645,
15065,229,81,2026-04-03 00:59:16,7,177.28,0.1662,27.51,pending,apple_pay,4,2026-04-10 00:07:59.992645,
15066,1995,176,2026-04-28 08:09:54,1,237.79,0.0701,12.98,returned,debit_card,2,2026-04-10 00:07:59.992645,
15067,1380,124,2026-04-28 09:24:43,5,220.83,0.1407,4.17,completed,paypal,10,2026-04-10 00:07:59.992645,
15068,1825,45,2026-04-02 10:18:21,2,351.91,0.1156,11.64,completed,apple_pay,6,2026-04-10 00:07:59.992645,
15069,2287,187,2026-04-01 10:10:14,5,213.58,0.0938,10.21,returned,apple_pay,6,2026-04-10 00:07:59.992645,
15070,1541,96,2026-04-21 05:53:39,4,393.33,0.0517,4.12,returned,credit_card,9,2026-04-10 00:07:59.992645,
15071,1856,50,2026-04-08 22:04:45,7,30.08,0.0192,3.48,pending,debit_card,10,2026-04-10 00:07:59.992645,
15072,2035,112,2026-04-13 20:33:21,5,258.24,0.0153,15.86,completed,credit_card,3,2026-04-10 00:07:59.992645,
15073,290,115,2026-04-21 05:06:28,7,80.92,0.1978,27.15,returned,debit_card,7,2026-04-10 00:07:59.992645,
15074,1542,165,2026-04-09 15:41:59,6,219.68,0.1586,16.63,completed,debit_card,3,2026-04-10 00:07:59.992645,
15075,1491,195,2026-04-30 09:00:36,3,459.81,0.0878,6.48,returned,apple_pay,10,2026-04-10 00:07:59.992645,
15076,603,93,2026-04-24 17:54:04,9,121.62,0.091,9.56,returned,paypal,9,2026-04-10 00:07:59.992645,
15077,1301,160,2026-04-06 07:38:32,6,503.83,0.0043,21.53,returned,debit_card,8,2026-04-10 00:07:59.992645,
15078,1978,56,2026-04-27 03:01:46,5,124.0,0.1898,15.54,shipped,credit_card,3,2026-04-10 00:07:59.992645,
15079,2333,93,2026-04-15 07:19:42,5,475.49,0.0013,25.64,returned,debit_card,10,2026-04-10 00:07:59.992645,
15080,442,179,2026-04-08 08:33:58,8,433.96,0.0481,19.89,pending,debit_card,8,2026-04-10 00:07:59.992645,
15081,197,109,2026-04-23 23:04:29,2,177.05,0.1557,4.49,returned,debit_card,7,2026-04-10 00:07:59.992645,
15082,2439,167,2026-04-11 22:51:41,7,298.1,0.086,24.79,returned,apple_pay,1,2026-04-10 00:07:59.992645,
15083,361,4,2026-04-08 22:39:03,3,362.26,0.1607,6.31,completed,debit_card,7,2026-04-10 00:07:59.992645,
15084,2380,32,2026-04-19 21:43:29,1,237.56,0.0143,20.26,returned,debit_card,6,2026-04-10 00:07:59.992645,
15085,248,185,2026-04-21 08:53:47,2,289.06,0.0994,20.47,completed,apple_pay,3,2026-04-10 00:07:59.992645,
15086,1313,4,2026-04-19 10:25:04,8,389.85,0.1503,19.25,returned,paypal,4,2026-04-10 00:07:59.992645,
15087,1941,10,2026-04-24 09:21:57,5,384.44,0.1944,24.68,pending,credit_card,7,2026-04-10 00:07:59.992645,
15088,1209,145,2026-04-23 08:41:54,7,400.86,0.0793,9.28,pending,credit_card,8,2026-04-10 00:07:59.992645,
15089,743,140,2026-04-06 15:04:06,5,403.31,0.0398,19.23,shipped,apple_pay,7,2026-04-10 00:07:59.992645,
15090,1853,12,2026-04-01 20:11:50,3,448.35,0.1806,23.33,shipped,debit_card,8,2026-04-10 00:07:59.992645,
15091,449,78,2026-04-17 18:28:28,2,270.61,0.029,9.92,returned,debit_card,9,2026-04-10 00:07:59.992645,
15092,1621,169,2026-04-17 11:55:51,1,469.12,0.0743,4.18,returned,debit_card,5,2026-04-10 00:07:59.992645,
15093,172,71,2026-04-07 22:31:53,2,56.44,0.1793,7.18,shipped,debit_card,7,2026-04-10 00:07:59.992645,
15094,311,186,2026-04-12 11:23:59,4,11.58,0.1024,24.99,returned,credit_card,4,2026-04-10 00:07:59.992645,
15095,2080,191,2026-04-27 15:17:27,1,371.41,0.1324,13.74,shipped,credit_card,4,2026-04-10 00:07:59.992645,
15096,905,76,2026-04-29 20:22:52,6,178.01,0.186,8.67,pending,debit_card,5,2026-04-10 00:07:59.992645,
15097,4,15,2026-04-25 04:25:32,8,414.43,0.0098,22.38,completed,credit_card,2,2026-04-10 00:07:59.992645,
15098,150,18,2026-04-23 18:28:36,9,250.84,0.1236,11.57,returned,credit_card,4,2026-04-10 00:07:59.992645,
15099,195,195,2026-04-19 17:32:49,2,183.39,0.0688,17.83,returned,credit_card,6,2026-04-10 00:07:59.992645,
15100,2422,159,2026-04-01 13:01:32,7,335.64,0.1094,23.15,returned,debit_card,3,2026-04-10 00:07:59.992645,
15101,365,195,2026-04-27 07:16:53,9,361.13,0.1472,3.88,shipped,apple_pay,3,2026-04-10 00:07:59.992645,
15102,1085,109,2026-04-02 08:49:40,6,121.54,0.072,16.32,returned,debit_card,6,2026-04-10 00:07:59.992645,
15103,291,198,2026-04-13 10:09:44,6,304.06,0.0126,10.49,shipped,debit_card,1,2026-04-10 00:07:59.992645,
15104,2315,188,2026-04-05 05:58:37,5,8.33,0.0419,4.24,returned,debit_card,7,2026-04-10 00:07:59.992645,
15105,576,112,2026-04-06 07:00:36,8,447.53,0.1518,22.63,returned,debit_card,6,2026-04-10 00:07:59.992645,
15106,1099,131,2026-04-17 11:40:00,5,421.1,0.1199,16.26,pending,debit_card,7,2026-04-10 00:07:59.992645,
15107,1590,147,2026-04-11 00:21:19,2,210.0,0.0418,23.85,completed,credit_card,7,2026-04-10 00:07:59.992645,
15108,2109,91,2026-04-14 22:08:15,9,60.16,0.1162,20.07,returned,credit_card,8,2026-04-10 00:07:59.992645,
15109,2409,7,2026-04-11 03:55:58,8,439.92,0.1177,5.54,pending,debit_card,5,2026-04-10 00:07:59.992645,
15110,1001,46,2026-04-28 19:25:15,6,82.42,0.11,5.86,completed,debit_card,10,2026-04-10 00:07:59.992645,
15111,112,197,2026-04-04 06:09:40,5,260.66,0.168,14.03,pending,paypal,1,2026-04-10 00:07:59.992645,
15112,2108,194,2026-04-17 08:38:02,8,213.82,0.0832,5.71,completed,paypal,5,2026-04-10 00:07:59.992645,
15113,371,79,2026-04-19 19:02:16,1,448.25,0.0323,12.4,shipped,debit_card,2,2026-04-10 00:07:59.992645,
15114,618,99,2026-04-29 01:30:31,5,374.23,0.0405,18.93,shipped,apple_pay,1,2026-04-10 00:07:59.992645,
15115,2465,90,2026-04-19 12:25:07,8,219.54,0.0687,21.42,returned,debit_card,10,2026-04-10 00:07:59.992645,
15116,1611,75,2026-04-04 21:43:06,1,24.34,0.1206,5.91,returned,debit_card,9,2026-04-10 00:07:59.992645,
15117,1942,180,2026-04-03 09:14:02,7,436.31,0.1297,5.18,returned,debit_card,7,2026-04-10 00:07:59.992645,
15118,1508,9,2026-04-08 00:50:49,9,434.39,0.0445,7.24,returned,debit_card,10,2026-04-10 00:07:59.992645,
15119,154,89,2026-04-30 20:32:19,2,172.89,0.1856,6.31,completed,credit_card,5,2026-04-10 00:07:59.992645,
15120,1027,68,2026-04-27 07:49:48,5,189.02,0.1244,20.97,shipped,paypal,2,2026-04-10 00:07:59.992645,
15121,278,184,2026-04-18 09:26:05,8,354.9,0.0934,11.57,completed,debit_card,3,2026-04-10 00:07:59.992645,
15122,166,92,2026-04-24 18:57:23,1,269.16,0.1324,10.49,pending,debit_card,6,2026-04-10 00:07:59.992645,
15123,2349,157,2026-04-08 04:34:41,3,318.21,0.183,10.52,shipped,apple_pay,6,2026-04-10 00:07:59.992645,
15124,716,64,2026-04-29 10:14:20,5,26.78,0.0428,7.5,shipped,debit_card,3,2026-04-10 00:07:59.992645,
15125,599,104,2026-04-22 18:44:02,6,154.48,0.0834,3.28,pending,debit_card,7,2026-04-10 00:07:59.992645,
15126,1033,153,2026-04-20 06:58:37,1,325.83,0.0337,25.56,completed,paypal,1,2026-04-10 00:07:59.992645,
15127,1067,146,2026-04-16 12:37:15,5,446.41,0.1484,17.58,completed,paypal,3,2026-04-10 00:07:59.992645,
15128,211,97,2026-04-03 18:12:36,2,24.38,0.081,12.12,completed,credit_card,8,2026-04-10 00:07:59.992645,
15129,779,115,2026-04-06 09:07:34,7,456.43,0.1532,24.24,completed,debit_card,4,2026-04-10 00:07:59.992645,
15130,497,33,2026-04-18 11:07:10,2,403.36,0.1394,26.67,completed,apple_pay,1,2026-04-10 00:07:59.992645,
15131,2038,143,2026-04-11 12:11:02,3,389.54,0.0085,27.59,returned,credit_card,1,2026-04-10 00:07:59.992645,
15132,198,87,2026-04-19 05:24:00,4,225.36,0.1785,6.86,completed,debit_card,7,2026-04-10 00:07:59.992645,
15133,1901,145,2026-04-17 06:14:08,7,74.63,0.1158,7.24,shipped,paypal,8,2026-04-10 00:07:59.992645,
15134,2416,162,2026-04-22 07:48:44,2,303.66,0.0535,4.55,pending,debit_card,10,2026-04-10 00:07:59.992645,
15135,1839,82,2026-04-28 07:29:44,4,441.77,0.0659,17.02,completed,apple_pay,7,2026-04-10 00:07:59.992645,
15136,1206,18,2026-04-20 03:49:42,8,199.96,0.1455,15.26,returned,apple_pay,10,2026-04-10 00:07:59.992645,
15137,2455,73,2026-04-12 04:34:49,3,241.1,0.1839,27.32,pending,paypal,5,2026-04-10 00:07:59.992645,
15138,1682,174,2026-04-26 20:18:31,6,146.9,0.0356,12.96,shipped,debit_card,2,2026-04-10 00:07:59.992645,
15139,2270,190,2026-04-02 11:49:42,9,112.68,0.1931,17.0,returned,paypal,2,2026-04-10 00:07:59.992645,
15140,1493,93,2026-04-10 06:54:55,2,59.67,0.0048,19.54,pending,paypal,6,2026-04-10 00:07:59.992645,
15141,237,30,2026-04-22 19:04:31,3,221.02,0.0079,9.65,returned,apple_pay,1,2026-04-10 00:07:59.992645,
15142,1028,129,2026-04-14 00:19:42,5,63.64,0.1148,19.08,returned,debit_card,2,2026-04-10 00:07:59.992645,
15143,504,16,2026-04-02 03:57:58,6,458.38,0.1867,6.73,shipped,credit_card,8,2026-04-10 00:07:59.992645,
15144,2434,50,2026-04-21 07:36:04,9,443.73,0.0594,14.61,returned,debit_card,4,2026-04-10 00:07:59.992645,
15145,2343,140,2026-04-29 11:37:12,9,440.25,0.0311,9.21,completed,credit_card,8,2026-04-10 00:07:59.992645,
15146,1771,35,2026-04-02 11:51:47,1,309.81,0.0363,24.73,completed,credit_card,6,2026-04-10 00:07:59.992645,
15147,1487,101,2026-04-17 19:06:44,6,71.36,0.1595,18.79,returned,credit_card,5,2026-04-10 00:07:59.992645,
15148,1025,54,2026-04-16 03:13:13,9,174.38,0.1553,12.68,returned,paypal,5,2026-04-10 00:07:59.992645,
15149,80,43,2026-04-12 17:15:54,2,498.63,0.0864,24.88,returned,apple_pay,10,2026-04-10 00:07:59.992645,
15150,1785,50,2026-04-11 10:51:15,2,360.35,0.0977,16.32,completed,apple_pay,4,2026-04-10 00:07:59.992645,
15151,1788,186,2026-04-15 10:07:25,9,88.19,0.0628,19.58,returned,apple_pay,4,2026-04-10 00:07:59.992645,
15152,266,122,2026-04-26 10:41:58,4,104.43,0.0392,25.48,returned,credit_card,9,2026-04-10 00:07:59.992645,
15153,739,73,2026-04-22 22:10:45,2,150.92,0.0596,26.71,completed,debit_card,7,2026-04-10 00:07:59.992645,
15154,217,195,2026-04-18 11:59:37,8,220.7,0.1107,8.21,completed,debit_card,3,2026-04-10 00:07:59.992645,
15155,143,154,2026-04-23 07:27:35,8,212.88,0.0881,10.0,returned,paypal,10,2026-04-10 00:07:59.992645,
15156,2393,40,2026-04-10 05:53:37,2,324.95,0.0115,22.36,returned,credit_card,6,2026-04-10 00:07:59.992645,
15157,275,104,2026-04-03 08:58:04,2,97.77,0.1662,24.47,pending,credit_card,7,2026-04-10 00:07:59.992645,
15158,1439,150,2026-04-21 17:09:43,3,145.14,0.0069,19.16,completed,debit_card,5,2026-04-10 00:07:59.992645,
15159,1058,116,2026-04-06 15:55:10,5,159.63,0.1838,9.3,returned,debit_card,8,2026-04-10 00:07:59.992645,
15160,1903,5,2026-04-25 04:03:26,7,438.72,0.1223,12.92,returned,debit_card,2,2026-04-10 00:07:59.992645,
15161,1049,196,2026-04-22 19:35:09,2,207.63,0.13,20.74,returned,debit_card,1,2026-04-10 00:07:59.992645,
15162,2184,28,2026-04-08 05:50:46,1,430.38,0.0219,3.39,completed,debit_card,9,2026-04-10 00:07:59.992645,
15163,141,146,2026-04-20 05:02:19,9,477.6,0.1244,8.8,returned,apple_pay,10,2026-04-10 00:07:59.992645,
15164,1133,182,2026-04-18 10:57:02,2,371.79,0.1593,11.3,returned,debit_card,4,2026-04-10 00:07:59.992645,
15165,1144,46,2026-04-14 21:19:13,1,51.8,0.181,16.86,returned,credit_card,5,2026-04-10 00:07:59.992645,
15166,1791,23,2026-04-07 23:48:19,1,451.84,0.1992,4.32,shipped,debit_card,5,2026-04-10 00:07:59.992645,
15167,914,160,2026-04-12 22:06:07,2,377.9,0.0379,8.24,returned,paypal,9,2026-04-10 00:07:59.992645,
15168,1451,167,2026-04-10 05:59:19,3,450.05,0.1112,22.3,completed,debit_card,2,2026-04-10 00:07:59.992645,
15169,1177,182,2026-04-26 05:19:38,4,153.64,0.0365,3.26,shipped,debit_card,8,2026-04-10 00:07:59.992645,
15170,726,163,2026-04-18 13:33:44,9,452.9,0.1526,12.71,returned,debit_card,4,2026-04-10 00:07:59.992645,
15171,607,25,2026-04-22 14:11:10,6,323.26,0.1037,3.26,completed,paypal,10,2026-04-10 00:07:59.992645,
15172,1431,26,2026-04-15 17:03:22,9,112.57,0.1891,11.91,pending,apple_pay,5,2026-04-10 00:07:59.992645,
15173,1216,120,2026-04-23 18:50:47,3,364.41,0.0554,9.78,shipped,apple_pay,4,2026-04-10 00:07:59.992645,
15174,355,115,2026-04-14 07:02:31,2,404.4,0.0553,8.91,pending,debit_card,10,2026-04-10 00:07:59.992645,
15175,752,139,2026-04-23 07:13:20,6,489.99,0.0453,11.78,shipped,credit_card,2,2026-04-10 00:07:59.992645,
15176,58,165,2026-04-17 22:12:27,3,213.6,0.1371,8.82,shipped,apple_pay,5,2026-04-10 00:07:59.992645,
15177,2399,124,2026-04-11 00:26:56,5,212.87,0.0114,17.65,returned,paypal,5,2026-04-10 00:07:59.992645,
15178,994,36,2026-04-10 01:49:01,3,483.06,0.1201,15.03,completed,debit_card,8,2026-04-10 00:07:59.992645,
15179,1042,148,2026-04-19 01:28:13,8,435.02,0.1279,22.13,returned,credit_card,2,2026-04-10 00:07:59.992645,
15180,1697,111,2026-04-05 02:45:02,3,45.06,0.0078,18.1,pending,credit_card,4,2026-04-10 00:07:59.992645,
15181,221,169,2026-04-18 07:32:44,8,22.18,0.0118,21.18,returned,debit_card,9,2026-04-10 00:07:59.992645,
15182,1731,127,2026-04-03 00:29:20,3,501.17,0.1524,5.25,completed,debit_card,10,2026-04-10 00:07:59.992645,
15183,2236,88,2026-04-06 08:27:04,6,489.1,0.1164,17.03,returned,apple_pay,8,2026-04-10 00:07:59.992645,
15184,1316,8,2026-04-11 19:04:45,6,374.67,0.0839,3.16,shipped,debit_card,9,2026-04-10 00:07:59.992645,
15185,1280,168,2026-04-29 02:05:57,5,484.64,0.0664,7.3,shipped,debit_card,8,2026-04-10 00:07:59.992645,
15186,262,91,2026-04-22 03:35:26,5,353.71,0.1546,25.95,returned,debit_card,10,2026-04-10 00:07:59.992645,
15187,1377,124,2026-04-13 11:18:25,1,470.38,0.1977,23.41,completed,apple_pay,10,2026-04-10 00:07:59.992645,
15188,2342,24,2026-04-01 03:37:00,7,492.78,0.0333,17.1,returned,debit_card,4,2026-04-10 00:07:59.992645,
15189,1351,163,2026-04-27 13:09:07,5,139.31,0.0564,24.4,completed,debit_card,8,2026-04-10 00:07:59.992645,
15190,1159,197,2026-04-02 07:08:45,1,473.8,0.0765,9.14,shipped,credit_card,1,2026-04-10 00:07:59.992645,
15191,1830,148,2026-04-08 22:30:40,5,494.61,0.1471,21.07,completed,credit_card,9,2026-04-10 00:07:59.992645,
15192,2406,83,2026-04-21 15:23:06,6,53.9,0.0101,5.84,returned,paypal,6,2026-04-10 00:07:59.992645,
15193,1001,198,2026-04-26 12:57:57,9,186.5,0.0943,12.83,returned,debit_card,1,2026-04-10 00:07:59.992645,
15194,2198,20,2026-04-18 20:08:45,8,26.33,0.0202,9.32,completed,paypal,3,2026-04-10 00:07:59.992645,
15195,1084,172,2026-04-17 20:18:24,6,403.51,0.0892,9.11,returned,apple_pay,4,2026-04-10 00:07:59.992645,
15196,137,183,2026-04-07 14:59:24,1,48.93,0.0848,15.44,shipped,paypal,5,2026-04-10 00:07:59.992645,
15197,2004,134,2026-04-23 01:16:21,8,480.38,0.1078,17.17,pending,apple_pay,6,2026-04-10 00:07:59.992645,
15198,1872,191,2026-04-17 21:31:45,7,224.57,0.0725,21.84,returned,apple_pay,3,2026-04-10 00:07:59.992645,
15199,2455,103,2026-04-16 05:09:54,1,80.51,0.1765,6.52,shipped,debit_card,5,2026-04-10 00:07:59.992645,
15200,1575,50,2026-04-13 05:06:45,7,349.49,0.1484,17.8,pending,debit_card,7,2026-04-10 00:07:59.992645,
15201,1619,123,2026-04-22 04:28:40,9,439.13,0.126,26.48,returned,debit_card,4,2026-04-10 00:07:59.992645,
15202,2329,100,2026-04-19 07:06:55,1,34.85,0.1135,19.69,pending,debit_card,9,2026-04-10 00:07:59.992645,
15203,909,15,2026-04-20 18:37:26,1,445.96,0.1324,17.32,completed,debit_card,6,2026-04-10 00:07:59.992645,
15204,1008,68,2026-04-15 14:22:51,9,279.2,0.1015,19.31,returned,apple_pay,1,2026-04-10 00:07:59.992645,
15205,1535,117,2026-04-30 23:25:10,3,20.91,0.1712,3.11,pending,credit_card,9,2026-04-10 00:07:59.992645,
15206,224,5,2026-04-23 14:13:55,6,7.49,0.0844,20.22,completed,credit_card,6,2026-04-10 00:07:59.992645,
15207,1893,184,2026-04-05 18:58:55,3,492.48,0.1226,27.48,shipped,debit_card,10,2026-04-10 00:07:59.992645,
15208,1994,87,2026-04-13 13:24:47,6,425.91,0.0607,14.11,returned,debit_card,9,2026-04-10 00:07:59.992645,
15209,1877,95,2026-04-19 11:09:25,6,149.41,0.0253,23.75,returned,debit_card,8,2026-04-10 00:07:59.992645,
15210,1033,108,2026-04-11 10:48:20,5,490.22,0.0496,12.99,pending,debit_card,4,2026-04-10 00:07:59.992645,
15211,1499,147,2026-04-24 18:51:53,3,440.08,0.1715,5.18,returned,credit_card,5,2026-04-10 00:07:59.992645,
15212,296,179,2026-04-28 20:38:13,2,46.96,0.1491,24.77,returned,credit_card,6,2026-04-10 00:07:59.992645,
15213,1130,32,2026-04-01 01:59:09,9,432.59,0.185,9.22,completed,credit_card,6,2026-04-10 00:07:59.992645,
15214,1064,198,2026-04-15 09:57:29,2,307.99,0.0299,3.54,completed,apple_pay,8,2026-04-10 00:07:59.992645,
15215,61,146,2026-04-11 15:23:39,7,389.89,0.0545,4.12,shipped,apple_pay,4,2026-04-10 00:07:59.992645,
15216,1304,72,2026-04-29 09:30:38,6,66.73,0.1306,14.95,shipped,apple_pay,7,2026-04-10 00:07:59.992645,
15217,647,71,2026-04-28 14:20:40,8,406.42,0.0943,3.43,completed,debit_card,4,2026-04-10 00:07:59.992645,
15218,1328,113,2026-04-27 14:35:51,9,417.72,0.0769,17.35,completed,debit_card,2,2026-04-10 00:07:59.992645,
15219,2419,74,2026-04-04 18:36:05,2,296.77,0.0805,10.46,returned,debit_card,7,2026-04-10 00:07:59.992645,
15220,1960,148,2026-04-20 21:02:52,9,390.19,0.1564,19.38,pending,apple_pay,6,2026-04-10 00:07:59.992645,
15221,520,114,2026-04-05 04:20:00,8,389.13,0.0203,9.82,pending,debit_card,6,2026-04-10 00:07:59.992645,
15222,476,79,2026-04-30 09:48:20,5,19.01,0.0866,6.87,returned,debit_card,4,2026-04-10 00:07:59.992645,
15223,1694,72,2026-04-04 14:43:03,1,172.69,0.0889,15.11,returned,debit_card,5,2026-04-10 00:07:59.992645,
15224,108,101,2026-04-04 23:15:21,9,77.31,0.1409,18.45,pending,paypal,10,2026-04-10 00:07:59.992645,
15225,1788,181,2026-04-21 22:49:04,7,498.41,0.0767,12.14,returned,debit_card,3,2026-04-10 00:07:59.992645,
15226,408,35,2026-04-21 15:23:20,3,470.59,0.1485,10.43,shipped,debit_card,5,2026-04-10 00:07:59.992645,
15227,1365,187,2026-04-20 10:58:17,8,231.28,0.0606,11.88,completed,apple_pay,7,2026-04-10 00:07:59.992645,
15228,961,1,2026-04-23 00:02:13,3,285.82,0.042,10.14,completed,credit_card,10,2026-04-10 00:07:59.992645,
15229,1636,64,2026-04-26 10:52:58,9,119.52,0.1721,18.35,returned,credit_card,7,2026-04-10 00:07:59.992645,
15230,265,67,2026-04-21 13:19:46,5,113.08,0.1346,5.36,shipped,debit_card,4,2026-04-10 00:07:59.992645,
15231,1015,103,2026-04-27 05:29:45,9,484.78,0.0554,7.04,returned,debit_card,9,2026-04-10 00:07:59.992645,
15232,965,66,2026-04-19 11:46:54,4,271.85,0.0478,15.69,pending,paypal,1,2026-04-10 00:07:59.992645,
15233,1453,125,2026-04-06 12:31:53,2,348.38,0.1409,11.57,pending,debit_card,4,2026-04-10 00:07:59.992645,
15234,933,88,2026-04-04 03:19:43,2,268.65,0.1254,27.4,pending,paypal,6,2026-04-10 00:07:59.992645,
15235,2467,41,2026-04-10 06:50:03,1,435.14,0.0682,3.08,completed,apple_pay,2,2026-04-10 00:07:59.992645,
15236,1028,9,2026-04-10 21:19:54,4,272.99,0.1349,17.38,returned,credit_card,3,2026-04-10 00:07:59.992645,
15237,1634,1,2026-04-18 04:46:34,9,160.8,0.0898,5.12,returned,credit_card,6,2026-04-10 00:07:59.992645,
15238,2231,47,2026-04-14 01:38:38,8,449.12,0.0138,8.92,shipped,credit_card,6,2026-04-10 00:07:59.992645,
15239,355,108,2026-04-12 06:07:19,9,139.44,0.0087,12.97,shipped,paypal,7,2026-04-10 00:07:59.992645,
15240,2488,184,2026-04-29 09:10:49,6,363.71,0.1703,21.99,returned,paypal,10,2026-04-10 00:07:59.992645,
15241,1304,177,2026-04-05 04:29:24,4,347.4,0.0804,3.0,returned,debit_card,10,2026-04-10 00:07:59.992645,
15242,1904,118,2026-04-10 23:31:46,1,334.31,0.0521,12.94,completed,debit_card,6,2026-04-10 00:07:59.992645,
15243,1667,156,2026-04-03 00:19:22,5,370.62,0.1719,26.47,completed,debit_card,9,2026-04-10 00:07:59.992645,
15244,291,93,2026-04-27 12:38:46,6,103.16,0.024,12.11,pending,paypal,1,2026-04-10 00:07:59.992645,
15245,1684,106,2026-04-04 03:11:09,7,346.85,0.111,19.0,completed,credit_card,3,2026-04-10 00:07:59.992645,
15246,1554,64,2026-04-08 04:50:42,4,324.86,0.0108,5.58,returned,debit_card,9,2026-04-10 00:07:59.992645,
15247,495,187,2026-04-12 01:30:45,4,393.13,0.1251,22.75,shipped,debit_card,1,2026-04-10 00:07:59.992645,
15248,1225,5,2026-04-21 03:33:16,9,499.3,0.0495,16.56,completed,paypal,4,2026-04-10 00:07:59.992645,
15249,1593,50,2026-04-06 09:46:56,5,101.55,0.0517,15.29,completed,apple_pay,1,2026-04-10 00:07:59.992645,
15250,2218,121,2026-04-20 23:18:51,7,324.85,0.1411,19.02,returned,apple_pay,7,2026-04-10 00:07:59.992645,
15251,1156,113,2026-04-16 12:56:06,3,188.73,0.1825,19.57,returned,paypal,5,2026-04-10 00:07:59.992645,
15252,799,9,2026-04-16 05:08:45,5,269.64,0.0853,7.84,pending,paypal,9,2026-04-10 00:07:59.992645,
15253,6,103,2026-04-14 01:22:18,6,272.32,0.0986,19.78,pending,apple_pay,6,2026-04-10 00:07:59.992645,
15254,1318,83,2026-04-26 06:07:18,5,372.62,0.0274,15.83,returned,debit_card,7,2026-04-10 00:07:59.992645,
15255,2062,178,2026-04-06 05:07:07,4,384.18,0.0097,3.03,returned,debit_card,9,2026-04-10 00:07:59.992645,
15256,1862,67,2026-04-15 21:35:23,7,7.42,0.13,4.12,shipped,credit_card,1,2026-04-10 00:07:59.992645,
15257,662,76,2026-04-18 15:18:29,4,13.69,0.0912,14.01,returned,debit_card,5,2026-04-10 00:07:59.992645,
15258,1454,30,2026-04-25 04:53:39,4,12.04,0.0674,17.41,completed,debit_card,7,2026-04-10 00:07:59.992645,
15259,102,130,2026-04-02 20:23:16,1,389.7,0.1563,10.24,shipped,debit_card,1,2026-04-10 00:07:59.992645,
15260,1862,7,2026-04-04 11:20:49,6,401.7,0.1277,14.19,completed,debit_card,10,2026-04-10 00:07:59.992645,
15261,1936,90,2026-04-07 00:40:26,9,372.81,0.1809,23.91,pending,debit_card,1,2026-04-10 00:07:59.992645,
15262,2362,77,2026-04-26 23:38:29,1,214.92,0.1219,3.89,returned,paypal,3,2026-04-10 00:07:59.992645,
15263,1056,152,2026-04-08 00:28:50,3,13.49,0.0828,9.87,returned,debit_card,7,2026-04-10 00:07:59.992645,
15264,334,121,2026-04-29 16:28:13,6,381.47,0.1581,5.33,completed,credit_card,1,2026-04-10 00:07:59.992645,
15265,2144,55,2026-04-07 21:14:19,3,81.13,0.1219,23.05,returned,credit_card,7,2026-04-10 00:07:59.992645,
15266,422,81,2026-04-28 06:05:08,7,166.71,0.0601,24.94,shipped,paypal,7,2026-04-10 00:07:59.992645,
15267,1883,54,2026-04-28 08:47:02,4,22.4,0.148,21.87,returned,credit_card,2,2026-04-10 00:07:59.992645,
15268,1677,196,2026-04-10 08:56:50,1,226.82,0.1648,10.99,pending,paypal,8,2026-04-10 00:07:59.992645,
15269,1504,96,2026-04-06 01:18:34,8,347.63,0.0513,26.64,returned,debit_card,6,2026-04-10 00:07:59.992645,
15270,2166,53,2026-04-28 23:14:03,3,407.89,0.1651,9.32,completed,debit_card,8,2026-04-10 00:07:59.992645,
15271,2252,132,2026-04-01 08:55:47,8,9.19,0.0815,23.5,completed,debit_card,1,2026-04-10 00:07:59.992645,
15272,114,192,2026-04-02 19:45:13,1,289.53,0.053,23.4,returned,apple_pay,4,2026-04-10 00:07:59.992645,
15273,1870,158,2026-04-22 08:36:57,2,22.47,0.0675,6.89,completed,paypal,3,2026-04-10 00:07:59.992645,
15274,2209,60,2026-04-30 15:40:35,7,64.28,0.0408,7.44,completed,debit_card,2,2026-04-10 00:07:59.992645,
15275,560,52,2026-04-13 09:22:44,6,433.06,0.1623,15.26,returned,debit_card,5,2026-04-10 00:07:59.992645,
15276,874,28,2026-04-30 07:04:28,2,29.31,0.0342,19.41,completed,debit_card,6,2026-04-10 00:07:59.992645,
15277,1276,133,2026-04-23 06:49:32,7,124.89,0.0377,4.19,completed,debit_card,6,2026-04-10 00:07:59.992645,
15278,1100,178,2026-04-29 11:43:14,1,336.75,0.0997,12.98,completed,debit_card,5,2026-04-10 00:07:59.992645,
15279,2328,64,2026-04-21 01:00:55,1,47.4,0.0369,13.79,completed,paypal,10,2026-04-10 00:07:59.992645,
15280,2314,9,2026-04-26 11:46:58,8,410.15,0.119,27.47,shipped,debit_card,8,2026-04-10 00:07:59.992645,
15281,1777,89,2026-04-18 10:08:19,6,17.97,0.1315,8.11,pending,apple_pay,3,2026-04-10 00:07:59.992645,
15282,347,115,2026-04-02 00:44:35,3,86.05,0.0794,22.81,returned,debit_card,6,2026-04-10 00:07:59.992645,
15283,1542,189,2026-04-03 00:20:50,7,20.67,0.0861,3.29,completed,debit_card,4,2026-04-10 00:07:59.992645,
15284,2114,78,2026-04-12 08:56:55,5,125.24,0.1287,16.82,returned,debit_card,7,2026-04-10 00:07:59.992645,
15285,729,181,2026-04-20 09:39:41,1,47.17,0.0204,15.86,pending,credit_card,8,2026-04-10 00:07:59.992645,
15286,1101,159,2026-04-13 11:59:57,9,42.64,0.1143,6.89,returned,apple_pay,10,2026-04-10 00:07:59.992645,
15287,1015,5,2026-04-17 05:55:55,3,132.19,0.1856,27.73,returned,credit_card,6,2026-04-10 00:07:59.992645,
15288,775,162,2026-04-04 01:14:10,6,329.21,0.0464,21.02,returned,credit_card,4,2026-04-10 00:07:59.992645,
15289,3,6,2026-04-17 21:23:37,8,169.45,0.029,27.09,completed,credit_card,8,2026-04-10 00:07:59.992645,
15290,1529,75,2026-04-02 01:46:33,9,91.91,0.1345,21.68,returned,debit_card,3,2026-04-10 00:07:59.992645,
15291,1558,31,2026-04-08 20:14:58,6,84.77,0.0655,8.12,pending,credit_card,1,2026-04-10 00:07:59.992645,
15292,27,57,2026-04-16 18:34:56,4,286.92,0.1819,20.16,completed,paypal,1,2026-04-10 00:07:59.992645,
15293,944,167,2026-04-23 18:31:10,8,383.15,0.0154,7.28,completed,debit_card,4,2026-04-10 00:07:59.992645,
15294,901,45,2026-04-01 07:33:11,4,342.54,0.0899,10.37,shipped,debit_card,3,2026-04-10 00:07:59.992645,
15295,1720,14,2026-04-27 08:02:12,8,68.3,0.063,24.66,pending,paypal,5,2026-04-10 00:07:59.992645,
15296,288,76,2026-04-13 19:38:05,7,459.35,0.1032,12.17,pending,apple_pay,10,2026-04-10 00:07:59.992645,
15297,1339,7,2026-04-12 12:00:30,1,89.79,0.1355,5.21,pending,debit_card,1,2026-04-10 00:07:59.992645,
15298,716,93,2026-04-21 14:35:17,8,483.21,0.0757,21.72,returned,debit_card,9,2026-04-10 00:07:59.992645,
15299,711,20,2026-04-21 01:02:48,5,361.1,0.0319,26.18,returned,apple_pay,1,2026-04-10 00:07:59.992645,
15300,2302,120,2026-04-02 14:50:39,2,212.88,0.1221,21.3,returned,credit_card,7,2026-04-10 00:07:59.992645,
15301,950,184,2026-04-30 04:30:37,5,262.53,0.0192,4.1,completed,credit_card,5,2026-04-10 00:07:59.992645,
15302,795,177,2026-04-13 20:24:07,2,307.74,0.0358,24.59,completed,credit_card,9,2026-04-10 00:07:59.992645,
15303,2476,10,2026-04-02 14:17:48,9,394.69,0.1842,26.96,pending,credit_card,4,2026-04-10 00:07:59.992645,
15304,1669,146,2026-04-09 09:19:04,3,392.07,0.1386,20.31,pending,debit_card,4,2026-04-10 00:07:59.992645,
15305,1958,37,2026-04-29 12:33:02,5,164.96,0.0632,5.62,pending,debit_card,4,2026-04-10 00:07:59.992645,
15306,338,11,2026-04-30 10:38:37,1,199.23,0.079,12.87,returned,debit_card,8,2026-04-10 00:07:59.992645,
15307,239,93,2026-04-17 13:20:38,9,13.2,0.1028,15.77,pending,debit_card,10,2026-04-10 00:07:59.992645,
15308,2403,144,2026-04-23 10:43:51,6,314.65,0.1189,9.83,returned,debit_card,10,2026-04-10 00:07:59.992645,
15309,2002,10,2026-04-19 02:45:49,2,324.26,0.073,16.93,returned,debit_card,7,2026-04-10 00:07:59.992645,
15310,2266,190,2026-04-05 19:54:12,3,191.59,0.157,22.07,shipped,credit_card,10,2026-04-10 00:07:59.992645,
15311,406,87,2026-04-24 08:07:23,5,107.03,0.0437,23.14,returned,apple_pay,3,2026-04-10 00:07:59.992645,
15312,430,91,2026-04-02 20:36:37,8,496.96,0.0288,14.59,completed,debit_card,7,2026-04-10 00:07:59.992645,
15313,55,124,2026-04-29 03:18:23,7,38.63,0.1949,19.48,returned,credit_card,5,2026-04-10 00:07:59.992645,
15314,519,71,2026-04-06 19:58:10,5,464.2,0.1619,25.1,completed,debit_card,7,2026-04-10 00:07:59.992645,
15315,1226,120,2026-04-14 10:35:44,5,36.92,0.0236,20.26,completed,debit_card,9,2026-04-10 00:07:59.992645,
15316,519,181,2026-04-02 02:25:37,5,171.67,0.1085,8.06,shipped,paypal,7,2026-04-10 00:07:59.992645,
15317,30,165,2026-04-07 14:38:09,3,400.43,0.1365,24.69,shipped,debit_card,5,2026-04-10 00:07:59.992645,
15318,1451,115,2026-04-28 22:08:50,5,279.1,0.193,18.63,pending,apple_pay,8,2026-04-10 00:07:59.992645,
15319,423,49,2026-04-23 20:21:18,1,30.42,0.1614,9.28,completed,debit_card,8,2026-04-10 00:07:59.992645,
15320,2392,69,2026-04-19 06:18:05,6,330.27,0.193,17.22,returned,credit_card,10,2026-04-10 00:07:59.992645,
15321,1281,190,2026-04-24 11:43:50,9,248.15,0.1658,20.24,returned,paypal,4,2026-04-10 00:07:59.992645,
15322,2175,82,2026-04-05 08:47:44,4,324.88,0.1934,4.75,returned,debit_card,2,2026-04-10 00:07:59.992645,
15323,967,19,2026-04-16 10:09:38,2,104.09,0.0924,23.19,returned,apple_pay,3,2026-04-10 00:07:59.992645,
15324,672,9,2026-04-16 20:43:29,4,430.73,0.1761,26.46,completed,apple_pay,4,2026-04-10 00:07:59.992645,
15325,888,174,2026-04-30 02:50:56,7,54.46,0.0091,8.98,returned,apple_pay,9,2026-04-10 00:07:59.992645,
15326,2362,109,2026-04-14 09:07:36,6,215.55,0.0554,24.49,returned,paypal,5,2026-04-10 00:07:59.992645,
15327,1136,22,2026-04-05 10:31:45,3,72.07,0.074,17.89,pending,debit_card,6,2026-04-10 00:07:59.992645,
15328,624,183,2026-04-10 11:09:22,8,119.09,0.1184,18.18,returned,debit_card,9,2026-04-10 00:07:59.992645,
15329,604,59,2026-04-07 13:23:35,6,174.23,0.0144,25.05,pending,credit_card,3,2026-04-10 00:07:59.992645,
15330,673,19,2026-04-21 08:03:29,8,156.77,0.0079,18.36,pending,debit_card,9,2026-04-10 00:07:59.992645,
15331,1877,140,2026-04-01 18:53:22,5,345.66,0.1994,19.76,returned,paypal,7,2026-04-10 00:07:59.992645,
15332,2271,158,2026-04-22 03:34:50,9,420.5,0.1146,25.76,returned,paypal,8,2026-04-10 00:07:59.992645,
15333,374,124,2026-04-03 07:28:00,7,169.55,0.1595,26.37,pending,debit_card,9,2026-04-10 00:07:59.992645,
15334,2483,178,2026-04-18 15:40:37,5,75.53,0.1821,27.62,pending,paypal,3,2026-04-10 00:07:59.992645,
15335,1061,79,2026-04-28 22:39:46,7,135.97,0.1619,7.97,returned,debit_card,9,2026-04-10 00:07:59.992645,
15336,1820,37,2026-04-13 01:25:24,9,92.21,0.1457,16.76,returned,debit_card,4,2026-04-10 00:07:59.992645,
15337,1918,38,2026-04-11 09:14:52,6,170.25,0.162,27.21,pending,apple_pay,3,2026-04-10 00:07:59.992645,
15338,221,22,2026-04-23 15:21:48,7,473.14,0.115,18.22,shipped,paypal,4,2026-04-10 00:07:59.992645,
15339,2039,111,2026-04-22 17:21:43,4,144.54,0.1687,25.59,returned,debit_card,9,2026-04-10 00:07:59.992645,
15340,1936,14,2026-04-23 11:13:11,3,248.58,0.1701,11.99,returned,paypal,10,2026-04-10 00:07:59.992645,
15341,923,43,2026-04-25 01:27:34,4,255.33,0.0774,17.81,returned,credit_card,10,2026-04-10 00:07:59.992645,
15342,2473,159,2026-04-03 02:51:49,7,84.26,0.1803,3.21,shipped,apple_pay,10,2026-04-10 00:07:59.992645,
15343,2112,16,2026-04-24 05:14:07,3,386.86,0.0142,20.3,shipped,debit_card,2,2026-04-10 00:07:59.992645,
15344,1180,100,2026-04-29 11:27:41,6,308.69,0.1458,13.56,returned,debit_card,7,2026-04-10 00:07:59.992645,
15345,568,72,2026-04-14 14:01:17,7,309.11,0.0057,7.86,returned,credit_card,2,2026-04-10 00:07:59.992645,
15346,1649,58,2026-04-04 19:04:47,8,212.13,0.0383,14.38,returned,debit_card,8,2026-04-10 00:07:59.992645,
15347,1808,147,2026-04-19 10:22:38,9,366.51,0.1822,8.31,returned,debit_card,10,2026-04-10 00:07:59.992645,
15348,144,146,2026-04-15 03:40:47,8,182.28,0.0814,17.5,returned,apple_pay,5,2026-04-10 00:07:59.992645,
15349,2096,133,2026-04-01 08:20:57,8,18.27,0.1149,7.76,completed,credit_card,6,2026-04-10 00:07:59.992645,
15350,1599,71,2026-04-02 16:40:38,5,170.91,0.1168,11.56,completed,debit_card,3,2026-04-10 00:07:59.992645,
15351,1332,194,2026-04-07 12:55:09,3,444.38,0.1964,6.5,returned,credit_card,10,2026-04-10 00:07:59.992645,
15352,1257,138,2026-04-07 22:42:10,9,213.18,0.0002,9.41,returned,apple_pay,5,2026-04-10 00:07:59.992645,
15353,1519,12,2026-04-18 20:50:00,4,409.3,0.0246,22.31,shipped,apple_pay,6,2026-04-10 00:07:59.992645,
15354,2391,130,2026-04-28 01:57:32,4,372.83,0.0689,8.61,returned,credit_card,6,2026-04-10 00:07:59.992645,
15355,1799,158,2026-04-12 08:46:09,4,249.42,0.0788,4.06,returned,paypal,2,2026-04-10 00:07:59.992645,
15356,1681,84,2026-04-26 08:06:58,3,17.75,0.0511,14.62,pending,debit_card,9,2026-04-10 00:07:59.992645,
15357,1001,36,2026-04-11 13:24:13,9,88.32,0.0658,9.8,returned,paypal,3,2026-04-10 00:07:59.992645,
15358,614,22,2026-04-05 08:51:28,2,202.27,0.0748,6.33,shipped,apple_pay,2,2026-04-10 00:07:59.992645,
15359,2146,70,2026-04-02 15:26:16,3,57.62,0.1,20.8,completed,debit_card,4,2026-04-10 00:07:59.992645,
15360,648,69,2026-04-24 23:13:08,3,377.37,0.0868,24.73,returned,debit_card,10,2026-04-10 00:07:59.992645,
15361,464,180,2026-04-10 10:27:00,6,194.22,0.1831,22.65,completed,debit_card,7,2026-04-10 00:07:59.992645,
15362,1086,187,2026-04-11 22:34:03,2,286.22,0.0945,4.34,returned,debit_card,8,2026-04-10 00:07:59.992645,
15363,614,149,2026-04-30 04:43:30,9,348.14,0.0449,23.28,pending,paypal,7,2026-04-10 00:07:59.992645,
15364,135,130,2026-04-28 07:55:19,3,297.89,0.1587,17.81,returned,credit_card,1,2026-04-10 00:07:59.992645,
15365,743,24,2026-04-01 04:57:17,6,342.54,0.0226,27.88,pending,paypal,2,2026-04-10 00:07:59.992645,
15366,455,61,2026-04-07 04:31:57,6,341.27,0.1086,12.24,shipped,paypal,4,2026-04-10 00:07:59.992645,
15367,350,120,2026-04-11 10:23:36,9,132.92,0.1956,10.24,returned,debit_card,4,2026-04-10 00:07:59.992645,
15368,783,42,2026-04-25 07:48:34,2,279.5,0.1147,20.15,shipped,debit_card,1,2026-04-10 00:07:59.992645,
15369,2050,16,2026-04-19 13:33:17,7,233.2,0.1862,12.76,pending,debit_card,9,2026-04-10 00:07:59.992645,
15370,1800,1,2026-04-18 20:44:51,4,254.43,0.006,18.75,returned,debit_card,7,2026-04-10 00:07:59.992645,
15371,1447,100,2026-04-20 04:07:26,7,304.21,0.0741,19.61,completed,credit_card,4,2026-04-10 00:07:59.992645,
15372,816,109,2026-04-06 12:27:31,3,340.97,0.1556,13.07,returned,apple_pay,8,2026-04-10 00:07:59.992645,
15373,50,107,2026-04-10 15:10:10,3,416.88,0.1143,4.9,returned,debit_card,3,2026-04-10 00:07:59.992645,
15374,2404,49,2026-04-25 20:51:44,7,336.65,0.088,3.97,returned,credit_card,1,2026-04-10 00:07:59.992645,
15375,1507,171,2026-04-13 12:15:49,3,348.87,0.1613,3.33,pending,debit_card,9,2026-04-10 00:07:59.992645,
15376,300,132,2026-04-07 22:02:29,8,56.94,0.1687,14.19,completed,apple_pay,7,2026-04-10 00:07:59.992645,
15377,1375,84,2026-04-03 01:01:01,8,104.38,0.0375,17.56,pending,apple_pay,2,2026-04-10 00:07:59.992645,
15378,2401,24,2026-04-04 02:22:14,8,168.53,0.0736,23.62,returned,paypal,9,2026-04-10 00:07:59.992645,
15379,1483,43,2026-04-13 10:46:47,7,304.58,0.0567,8.8,pending,credit_card,8,2026-04-10 00:07:59.992645,
15380,1232,42,2026-04-17 01:53:55,3,380.3,0.1616,9.46,pending,debit_card,9,2026-04-10 00:07:59.992645,
15381,2145,119,2026-04-25 17:47:05,9,254.76,0.0219,22.87,returned,credit_card,3,2026-04-10 00:07:59.992645,
15382,2359,145,2026-04-15 06:29:03,7,457.25,0.0055,5.2,returned,credit_card,8,2026-04-10 00:07:59.992645,
15383,2077,149,2026-04-30 13:48:04,7,122.18,0.1467,27.88,shipped,credit_card,2,2026-04-10 00:07:59.992645,
15384,663,20,2026-04-18 01:33:58,7,170.09,0.0959,18.98,returned,apple_pay,7,2026-04-10 00:07:59.992645,
15385,1719,18,2026-04-08 19:04:32,6,339.61,0.1804,27.72,pending,credit_card,9,2026-04-10 00:07:59.992645,
15386,1649,53,2026-04-27 16:55:59,7,233.12,0.1888,5.7,returned,apple_pay,8,2026-04-10 00:07:59.992645,
15387,50,47,2026-04-06 21:24:53,1,286.6,0.0479,8.05,returned,apple_pay,10,2026-04-10 00:07:59.992645,
15388,1835,86,2026-04-16 12:45:56,3,122.22,0.0277,9.76,returned,debit_card,1,2026-04-10 00:07:59.992645,
15389,291,88,2026-04-24 10:38:59,4,261.52,0.0701,16.68,returned,debit_card,9,2026-04-10 00:07:59.992645,
15390,107,139,2026-04-26 07:18:00,1,176.88,0.0484,6.09,pending,debit_card,8,2026-04-10 00:07:59.992645,
15391,636,131,2026-04-04 13:20:48,1,318.16,0.0002,8.55,returned,credit_card,8,2026-04-10 00:07:59.992645,
15392,1028,37,2026-04-28 20:43:08,5,355.28,0.1847,24.7,pending,paypal,9,2026-04-10 00:07:59.992645,
15393,931,83,2026-04-14 04:09:42,1,413.76,0.0783,16.59,shipped,debit_card,1,2026-04-10 00:07:59.992645,
15394,1265,70,2026-04-23 02:46:58,1,182.56,0.0956,9.23,returned,paypal,10,2026-04-10 00:07:59.992645,
15395,124,16,2026-04-04 16:22:44,4,345.08,0.118,9.11,pending,debit_card,9,2026-04-10 00:07:59.992645,
15396,680,114,2026-04-23 21:34:19,1,69.3,0.0651,16.77,returned,credit_card,4,2026-04-10 00:07:59.992645,
15397,832,127,2026-04-21 05:20:38,4,460.4,0.0205,26.45,shipped,credit_card,7,2026-04-10 00:07:59.992645,
15398,1208,12,2026-04-10 16:55:10,6,337.99,0.0036,18.92,returned,debit_card,9,2026-04-10 00:07:59.992645,
15399,2176,114,2026-04-19 08:15:10,1,435.52,0.0619,6.98,pending,debit_card,7,2026-04-10 00:07:59.992645,
15400,1213,13,2026-04-01 12:03:38,3,390.46,0.0027,12.37,completed,credit_card,8,2026-04-10 00:07:59.992645,
15401,61,17,2026-04-12 02:16:46,9,76.73,0.1612,15.92,completed,credit_card,4,2026-04-10 00:07:59.992645,
15402,984,163,2026-04-30 22:32:48,5,171.35,0.015,3.45,shipped,debit_card,8,2026-04-10 00:07:59.992645,
15403,2007,25,2026-04-08 13:25:52,9,426.62,0.0144,13.67,shipped,paypal,9,2026-04-10 00:07:59.992645,
15404,500,22,2026-04-25 07:03:19,1,425.77,0.035,11.38,returned,debit_card,1,2026-04-10 00:07:59.992645,
15405,2175,156,2026-04-09 13:43:08,6,142.33,0.0475,20.59,completed,debit_card,5,2026-04-10 00:07:59.992645,
15406,1786,9,2026-04-09 18:38:25,4,395.14,0.024,3.12,pending,paypal,9,2026-04-10 00:07:59.992645,
15407,1173,94,2026-04-01 19:38:25,1,431.74,0.0409,5.73,pending,debit_card,1,2026-04-10 00:07:59.992645,
15408,1676,18,2026-04-09 01:17:32,1,405.14,0.171,11.08,returned,debit_card,9,2026-04-10 00:07:59.992645,
15409,2051,126,2026-04-17 10:12:59,8,396.99,0.148,9.27,returned,credit_card,6,2026-04-10 00:07:59.992645,
15410,2281,110,2026-04-06 21:48:58,9,464.49,0.149,21.71,pending,debit_card,3,2026-04-10 00:07:59.992645,
15411,16,158,2026-04-09 06:50:23,4,349.46,0.1498,14.05,pending,debit_card,2,2026-04-10 00:07:59.992645,
15412,756,168,2026-04-14 10:01:01,2,348.36,0.1906,10.62,returned,debit_card,1,2026-04-10 00:07:59.992645,
15413,764,79,2026-04-13 23:10:42,3,338.83,0.1254,5.21,returned,credit_card,8,2026-04-10 00:07:59.992645,
15414,1320,185,2026-04-05 17:15:16,1,451.1,0.1388,20.2,returned,debit_card,5,2026-04-10 00:07:59.992645,
15415,1329,25,2026-04-02 19:56:57,6,451.09,0.0609,9.3,returned,credit_card,3,2026-04-10 00:07:59.992645,
15416,609,185,2026-04-16 06:55:10,3,465.99,0.0832,14.67,completed,apple_pay,8,2026-04-10 00:07:59.992645,
15417,754,49,2026-04-06 03:37:06,7,250.42,0.1085,20.59,shipped,apple_pay,1,2026-04-10 00:07:59.992645,
15418,1354,160,2026-04-07 15:05:46,9,326.68,0.1047,16.73,returned,debit_card,3,2026-04-10 00:07:59.992645,
15419,2335,153,2026-04-27 12:39:59,5,55.17,0.0063,27.59,completed,debit_card,2,2026-04-10 00:07:59.992645,
15420,2499,72,2026-04-08 11:03:50,4,452.73,0.0069,21.4,returned,credit_card,6,2026-04-10 00:07:59.992645,
15421,1060,44,2026-04-24 01:46:28,6,145.79,0.0942,6.59,returned,apple_pay,4,2026-04-10 00:07:59.992645,
15422,1545,41,2026-04-26 14:05:16,1,450.07,0.1202,3.39,shipped,debit_card,10,2026-04-10 00:07:59.992645,
15423,440,101,2026-04-12 05:03:01,3,209.31,0.0446,20.72,returned,credit_card,3,2026-04-10 00:07:59.992645,
15424,1418,158,2026-04-12 02:47:35,5,230.21,0.083,5.97,returned,apple_pay,3,2026-04-10 00:07:59.992645,
15425,1979,133,2026-04-11 20:14:17,1,451.18,0.124,21.59,returned,debit_card,1,2026-04-10 00:07:59.992645,
15426,2146,32,2026-04-22 01:37:31,3,196.38,0.0924,8.38,returned,credit_card,7,2026-04-10 00:07:59.992645,
15427,435,194,2026-04-10 18:55:51,8,485.07,0.1727,17.84,returned,debit_card,2,2026-04-10 00:07:59.992645,
15428,1133,9,2026-04-27 03:14:12,3,347.89,0.0499,20.44,returned,debit_card,9,2026-04-10 00:07:59.992645,
15429,1548,84,2026-04-06 03:55:05,6,309.65,0.1204,22.2,completed,credit_card,5,2026-04-10 00:07:59.992645,
15430,1450,100,2026-04-05 10:53:17,2,66.31,0.0588,20.7,pending,apple_pay,1,2026-04-10 00:07:59.992645,
15431,578,85,2026-04-26 07:00:04,4,488.53,0.1612,21.76,shipped,debit_card,6,2026-04-10 00:07:59.992645,
15432,1297,116,2026-04-21 08:18:56,2,52.6,0.0064,24.71,returned,apple_pay,4,2026-04-10 00:07:59.992645,
15433,361,78,2026-04-01 09:22:37,7,175.98,0.1374,13.41,pending,debit_card,10,2026-04-10 00:07:59.992645,
15434,383,61,2026-04-30 03:44:35,7,13.11,0.0398,25.53,completed,credit_card,4,2026-04-10 00:07:59.992645,
15435,2336,2,2026-04-26 04:32:05,8,139.94,0.1596,7.22,completed,apple_pay,5,2026-04-10 00:07:59.992645,
15436,1744,150,2026-04-09 12:02:05,6,373.02,0.0105,13.78,returned,debit_card,6,2026-04-10 00:07:59.992645,
15437,2472,108,2026-04-30 18:12:22,5,345.03,0.1288,21.15,completed,apple_pay,7,2026-04-10 00:07:59.992645,
15438,2391,155,2026-04-06 03:42:06,9,225.76,0.0735,24.7,returned,debit_card,4,2026-04-10 00:07:59.992645,
15439,548,136,2026-04-04 21:43:22,6,365.05,0.0024,12.8,completed,debit_card,8,2026-04-10 00:07:59.992645,
15440,2071,56,2026-04-30 22:14:28,9,339.2,0.0149,26.09,pending,debit_card,8,2026-04-10 00:07:59.992645,
15441,1056,25,2026-04-21 01:20:47,1,292.38,0.0841,24.33,completed,credit_card,8,2026-04-10 00:07:59.992645,
15442,238,102,2026-04-11 23:16:04,1,188.76,0.0387,22.87,returned,paypal,1,2026-04-10 00:07:59.992645,
15443,1160,49,2026-04-10 17:53:14,9,60.49,0.0382,21.15,completed,credit_card,2,2026-04-10 00:07:59.992645,
15444,1446,46,2026-04-25 18:06:32,7,345.28,0.0827,18.33,completed,debit_card,2,2026-04-10 00:07:59.992645,
15445,1791,14,2026-04-04 00:09:29,7,294.96,0.1745,13.49,returned,credit_card,3,2026-04-10 00:07:59.992645,
15446,1406,175,2026-04-22 07:42:30,2,25.2,0.0135,4.27,pending,debit_card,10,2026-04-10 00:07:59.992645,
15447,1868,119,2026-04-16 14:18:35,3,396.07,0.0859,23.24,completed,apple_pay,4,2026-04-10 00:07:59.992645,
15448,701,102,2026-04-05 19:16:25,6,291.24,0.0751,21.2,completed,debit_card,8,2026-04-10 00:07:59.992645,
15449,133,119,2026-04-14 03:50:53,7,21.85,0.0572,3.8,returned,credit_card,5,2026-04-10 00:07:59.992645,
15450,390,65,2026-04-10 03:38:28,4,248.71,0.0301,9.91,returned,credit_card,7,2026-04-10 00:07:59.992645,
15451,2421,74,2026-04-01 13:52:19,9,317.66,0.1701,6.44,returned,debit_card,3,2026-04-10 00:07:59.992645,
15452,1441,139,2026-04-23 20:46:18,1,11.49,0.1193,19.74,completed,paypal,4,2026-04-10 00:07:59.992645,
15453,261,60,2026-04-24 00:47:31,1,28.87,0.0723,18.86,returned,credit_card,2,2026-04-10 00:07:59.992645,
15454,2264,79,2026-04-07 11:12:12,8,374.49,0.1896,17.72,returned,paypal,1,2026-04-10 00:07:59.992645,
15455,1964,21,2026-04-14 20:49:37,7,494.41,0.1887,11.0,returned,debit_card,9,2026-04-10 00:07:59.992645,
15456,2421,31,2026-04-29 12:47:42,4,372.93,0.1819,20.59,completed,debit_card,4,2026-04-10 00:07:59.992645,
15457,1295,137,2026-04-07 22:01:54,1,382.96,0.0723,16.88,returned,debit_card,7,2026-04-10 00:07:59.992645,
15458,1836,13,2026-04-03 11:36:56,2,391.05,0.0029,27.42,completed,paypal,7,2026-04-10 00:07:59.992645,
15459,793,144,2026-04-22 04:04:11,3,279.89,0.1653,26.42,returned,apple_pay,9,2026-04-10 00:07:59.992645,
15460,1484,76,2026-04-11 15:22:55,3,426.7,0.1982,16.37,completed,debit_card,3,2026-04-10 00:07:59.992645,
15461,2121,154,2026-04-19 04:55:14,1,323.9,0.0491,23.84,pending,paypal,7,2026-04-10 00:07:59.992645,
15462,2006,148,2026-04-12 06:48:14,9,375.27,0.0024,3.92,returned,debit_card,6,2026-04-10 00:07:59.992645,
15463,1468,121,2026-04-08 09:30:20,4,168.0,0.0099,26.3,shipped,paypal,9,2026-04-10 00:07:59.992645,
15464,253,194,2026-04-24 03:35:09,5,347.8,0.0543,12.95,shipped,debit_card,1,2026-04-10 00:07:59.992645,
15465,1638,184,2026-04-20 21:36:07,1,142.79,0.1954,27.2,returned,credit_card,2,2026-04-10 00:07:59.992645,
15466,2440,36,2026-04-09 07:17:25,6,354.38,0.0669,21.0,returned,debit_card,9,2026-04-10 00:07:59.992645,
15467,2120,24,2026-04-10 04:21:07,1,424.91,0.1558,15.22,returned,debit_card,1,2026-04-10 00:07:59.992645,
15468,1713,33,2026-04-07 00:22:27,9,365.98,0.0147,14.5,pending,debit_card,2,2026-04-10 00:07:59.992645,
15469,2151,136,2026-04-10 01:56:03,3,433.66,0.1733,14.71,completed,credit_card,8,2026-04-10 00:07:59.992645,
15470,1660,153,2026-04-24 18:35:30,2,457.91,0.0874,23.62,completed,paypal,6,2026-04-10 00:07:59.992645,
15471,2447,159,2026-04-03 00:49:19,1,441.6,0.1465,15.69,returned,credit_card,10,2026-04-10 00:07:59.992645,
15472,2170,86,2026-04-03 05:51:34,4,234.71,0.1829,9.99,returned,debit_card,3,2026-04-10 00:07:59.992645,
15473,1715,176,2026-04-15 09:33:46,4,322.72,0.0284,23.12,returned,debit_card,9,2026-04-10 00:07:59.992645,
15474,1828,154,2026-04-18 08:35:15,4,233.58,0.1309,16.81,completed,paypal,4,2026-04-10 00:07:59.992645,
15475,207,89,2026-04-10 20:11:09,6,438.17,0.0346,14.53,shipped,credit_card,9,2026-04-10 00:07:59.992645,
15476,2210,61,2026-04-04 10:06:56,7,24.82,0.0402,23.92,completed,paypal,5,2026-04-10 00:07:59.992645,
15477,76,144,2026-04-22 18:34:06,8,280.01,0.1909,23.93,returned,debit_card,10,2026-04-10 00:07:59.992645,
15478,2029,156,2026-04-06 12:20:17,7,92.89,0.1381,14.48,shipped,paypal,2,2026-04-10 00:07:59.992645,
15479,1347,82,2026-04-06 07:07:51,5,55.95,0.1203,27.52,completed,credit_card,2,2026-04-10 00:07:59.992645,
15480,1057,81,2026-04-08 09:07:14,8,493.24,0.1063,7.38,pending,credit_card,9,2026-04-10 00:07:59.992645,
15481,389,90,2026-04-06 18:18:11,9,139.5,0.1063,6.35,shipped,paypal,5,2026-04-10 00:07:59.992645,
15482,361,21,2026-04-14 03:52:01,9,467.18,0.0114,18.84,completed,debit_card,2,2026-04-10 00:07:59.992645,
15483,1370,45,2026-04-06 23:13:07,9,40.41,0.078,13.16,completed,credit_card,1,2026-04-10 00:07:59.992645,
15484,695,110,2026-04-25 08:30:55,6,461.86,0.0524,20.11,completed,paypal,3,2026-04-10 00:07:59.992645,
15485,231,51,2026-04-02 04:27:45,1,313.39,0.0948,13.99,completed,debit_card,4,2026-04-10 00:07:59.992645,
15486,1497,139,2026-04-09 20:36:55,2,482.54,0.0123,11.7,returned,debit_card,4,2026-04-10 00:07:59.992645,
15487,2403,165,2026-04-05 19:38:21,3,419.13,0.1886,19.74,shipped,paypal,4,2026-04-10 00:07:59.992645,
15488,1448,188,2026-04-28 10:35:56,3,33.52,0.0953,13.34,returned,apple_pay,7,2026-04-10 00:07:59.992645,
15489,216,52,2026-04-28 21:00:28,1,298.53,0.1407,14.57,returned,debit_card,5,2026-04-10 00:07:59.992645,
15490,1124,147,2026-04-05 13:30:06,3,189.12,0.0747,20.43,returned,debit_card,4,2026-04-10 00:07:59.992645,
15491,64,132,2026-04-27 18:31:42,7,453.2,0.0824,19.08,returned,debit_card,4,2026-04-10 00:07:59.992645,
15492,1073,89,2026-04-27 08:39:03,3,411.76,0.0743,24.77,returned,apple_pay,2,2026-04-10 00:07:59.992645,
15493,2277,189,2026-04-20 09:07:55,1,161.52,0.0864,27.79,returned,debit_card,10,2026-04-10 00:07:59.992645,
15494,2113,195,2026-04-24 21:43:30,6,212.93,0.0695,13.8,shipped,apple_pay,7,2026-04-10 00:07:59.992645,
15495,1761,13,2026-04-11 09:04:40,1,452.61,0.0789,22.47,returned,apple_pay,10,2026-04-10 00:07:59.992645,
15496,966,21,2026-04-09 16:13:09,6,81.48,0.1862,15.34,returned,credit_card,3,2026-04-10 00:07:59.992645,
15497,1067,145,2026-04-09 03:17:31,4,381.85,0.1314,15.94,returned,apple_pay,1,2026-04-10 00:07:59.992645,
15498,1095,146,2026-04-16 23:06:29,7,354.78,0.1361,8.97,shipped,debit_card,1,2026-04-10 00:07:59.992645,
15499,1157,180,2026-04-16 04:15:22,4,48.63,0.0486,13.41,completed,paypal,9,2026-04-10 00:07:59.992645,
15500,1162,144,2026-04-08 12:38:29,4,411.72,0.1432,4.25,completed,debit_card,10,2026-04-10 00:07:59.992645,
